wallet,ei_seller,ei_buyer
0x38a0a805057751df26e5bbe8d22c8a3214b31c7f,4,853
0x613b909325e0f7bf25beefb6254187f6d9ec7309,6,75
0x8de12bca6a79caf05ded82308f5b35ea9e230f17,9,944
0xbd399999b66e639cac893f31380680e33808a4fe,11,5186
0xdde8df9a7dc9f68bdac815f493d1d731de911b5a,14,2650
0x718f0989bee259370c8a5f792ba54418f1d398ba,16,513
0xb05ffec0a215c056b28c20c7709d58559c97623a,21,3449
0xd0dccc2ca25ae7ed3081ffb0366e23c49368a869,24,2734
0xd543a0be0684f0556786586b83f4c9fd16a4dc35,25,549
0x41308f0538d32dae052e3524c82f47eae2e560f1,27,578
0xc97db089e14fbf1f470d5f085841b843758e02d5,31,540
0x83dca1463395be54649ad9a6f0a571ebbbde10ab,33,1890
0xe279654485397d57fcd78bf90c3e9f6d81cad3e8,40,514
0x2ee92c196d63f2313a52c4bb48f427361460636b,46,635
0x35632b6976b5b6ec3f8d700fabb7e1e0499c1bfa,47,618
0x733fa7c96a784acd338e2b74d434c4080ed99639,48,1340
0xb37a00813366017005fef010a3e4e228e2218671,51,404
0x22d1a32a0be51f71702f8f64c56e51c7560b2f4c,57,692
0xcf0e9b4746cfb97bae329fe5f696969f6564566a,58,1189
0x81feebe56890ddf6789ca0291eac6f0df1e425d7,60,780
0xec1ca6152a2a5c6faf6ab792861ecc72da07027a,67,875
0x93f013fed17e822706ef596139f148c152f5396b,69,1168
0x3d8250ac679dcfd1e90c29e7a64ab5013645e579,72,906
0x1d5c30676ca03adae00257568b830c8d424a1e53,73,843
0x658eb4f20c93b143fce67ce7e1c612de37550ef2,75,1508
0x491fd53e5e0d8b4a5f28d008856060cda5380aaf,76,889
0x1bbafbc0fa9e1f846ac48e4687257cf685acffe2,81,1494
0x75771dedde9707fbb78d9f0dbdc8a4d4e7784794,85,633
0xe5f9fae1a73366e9d7bd419b4fe4f28ffcaf5d73,87,1031
0x5b53bcc4d737e0ca8958b5882291e7f64e7addae,89,1228
0x19ee27849cf6848ca7976537382dace80c392fc3,92,918
0x0b98c377b62702748898c5c4c9ccc2e2f35f084d,95,646
0xbb587dfba6fdff7784bed72a096d80f72dd1c30a,96,1190
0xf2a7090ef9de2e3dd1e80c59c487c2a600677746,97,1229
0x6611047263d8b52ea05b4cc1d623f2309638a855,101,2230
0xc35a5fec6be6957899e15559be252db882220b37,103,13
0xfacdb0cf4976c1c82394fab335a8ce0a7d56e90c,104,3512
0xfc624f8f58db41bdb95aedee1de3c1cf047105f1,109,1085
0xbae25a69a6eb7341ee834be7635e247e22a1e57a,117,1080
0xef8fbbabb7b135420a71b2100636d4cd56d2d994,118,1107
0x7891f796a5d43466fc29f102069092aef497a290,119,434
0x1777f5d5f218922e646de68f3fb9ca7342f36035,120,836
0xcca6196e5a0aab89b6f3d792d928988744f9d5a2,121,3593
0xe4953557b5fd04eae9d9dad19dad262253502b9e,123,1172
0x5a3a191184b9be8c8dd19a22939be7304bf657ed,125,1233
0x0aa151a768534b7d2ecc4e384043afbd0b81218d,126,4848
0x2cfad32720d343d572c25e761389b495d9a4536b,128,1127
0xf0b22f7e45a223a106c35eda11bd055a70a234dd,129,705
0x9f60aa00b6531291702d0e1892ab31d5c150661c,130,892
0x5df222b967b0c609573df5e71339616722935303,131,1129
0x4ba63d7f1a65ebc8be640a5d6bee9c02336a154c,137,5376
0xa33599909f4fb8c8154636f615fc306b8046c36c,138,5175
0x972e633f5f6f62d1f2a13977f113941fcb3b606b,140,3613
0xbc9ca5bd0f07700929f8d538233b0a9e60f4ddc5,142,199
0x6d5973f924ec70d63a13af309f2604e911f98695,143,1074
0x4d8a65e7b75fe4cf53616ee8f2c14769bfec4045,148,1433
0xe03fbde4296e14d57c099d1ddd64f12e942d9e79,149,1257
0x732de7495deecae6424c3fc3c46e47d6b4c5374e,150,1372
0xcf8bca899910c8ddbe9cee61859b0f6857ca1b5c,154,1296
0x535d9a7fa7b885198ba77d5087cb163ab4da87ee,155,1408
0x86dbe6e52dd02068550e6514b93b86e6e22627be,157,1313
0x93811dabfbee9736035025cba91491d7747cfd47,158,2797
0x94ad18b3cff1547c50ec75b1e2eba78758fcd2f3,163,2081
0xca97a04e562a71d6fc95f335cb6adc5e07e2e8d8,164,2200
0x8113ec66e92a48a73018b1835f4c80d752ccd52b,166,2384
0xea39632ab6095d99148e52cb920e432ded16529b,167,2192
0x2f261a227480b7d1802433d05a92a27bab645032,170,1568
0x17956a045c9dc678b21d6ae91cbffce055bd90ea,173,1356
0x38e63d99adf0ef5544df21ef2967c4f4bfc363e7,175,3371
0xa1fdfa0a7bbd68f01563df802c2efe56788319e8,176,833
0x7c00c9f0e7aed440c0c730a9bd9ee4f49de20d5c,181,588
0x7ef0ded8437fcdc8d96b6ec213f1368ccae6f64b,182,613
0xeab95f0be41a1b974ff48e0d8dd59ff7a22d8d9d,186,5349
0x7b65502ccebff326ed722421ebdb76b4e36447c0,189,1448
0x5bb81c8cbfaebea198a3fb4996fe4abddad60ec2,190,4578
0xc0242de463807c354954c6d5a95bf6bc38a56ec9,191,1726
0x7d08580f48d86ece6b1971c1f4a3a9e804890cb4,192,1422
0x2c5c715f666f45305054e4bea8627afd40232f14,196,1558
0x6bf11ff2303c374bcaf80b6bd36c7006bdea92c0,199,1559
0xd64dc2926cef85bfdbb35e0d92724b13b9e408ad,202,4193
0xc19c8ac3e385cda1feafdf1d7832fed7994f9bd9,203,4405
0x7b8405d2e5c06156c6336666a0d9029a6c3b1364,205,847
0x81ae9859666fe4882d998ad80f2dd7513155969a,206,785
0xab552abdde42700704d39cf85d992bbbfce1ab09,207,1883
0x8cf718490adb3c9da2d763b01bf9fc25c3faf8fd,209,4237
0x15d8a191caabda7eee2ccdb513f557575158c14e,210,1441
0xd05cfe86a180cdb2a241424657a2cf550827c441,212,4378
0xa671b8f00635d9c1ab1de50b8a47ba62e96489e7,215,1610
0x40db499e142a748bcefd9bf70d1c98b6bef9783f,216,5355
0xa032c8443cd8c7dd08fe85894b5e24699f460774,218,1208
0x5a5857c8e38d75f64714854c80556506d984d1da,221,4181
0xf2a8998a09b02a8d97a006a61d5969e838767a98,225,1548
0x3365d85047cf6f002fdaae92b0e16d79feb78679,228,1616
0x259e82b1fdac9d7057fc09d6c3aaf5f6f0689d73,229,1961
0xa9f26546a1bb3283d6edb7f49d89cce85c4d6671,230,208
0xea70fcc27cabd9765c796906c866ee85513c6117,231,4393
0x83341f5ca72b1a0f511e61baba42d32f8dce85f8,233,2000
0xce950c1fc4079a220dfb3ae3144ca6f25cca336f,237,4385
0x24a3178ea0a1c53a796be2c55b6133423d20e143,238,1602
0xbeb64ad02ba020666bd8dc5890b6c24de3172a83,244,1631
0x98f06b0e7a697a2e11debf3723d2e7cfb5e23fa7,246,4507
0xe077d7bd37ee24ec26ae6c706e071a85e0c1b935,252,1730
0x9704bd7b3269a76f15db8f3932a7f948ab22a9bb,253,1513
0x1eace38152a917e5cd53b082f31a2a7cafbfac58,254,1892
0xf6e372b7bf972b10127e6f8c85a9cd96b696835f,257,2041
0xdf26cfc33f94e5810276c5be6eca27ecf991ebf0,261,4645
0x7045540552d1fcc2ab1eb64e1f868aeb490606fa,263,5308
0x0411aaec3f6961cc355afec54505f94b7d442e85,264,1788
0x1cdde2536ddafc262075df35ac7b3f77276e0f15,265,4632
0xeb6eb4d556fada7d0380e0171203e229c13756ef,267,1861
0xb967ff10956c159b17a1557cdfe8b8bdc040e81a,269,1949
0xf3ec3bd204a37c67b7f4ca687fde24d74bb820b3,270,4686
0x12e0c5e484ea663e567ad4c20f71ae58b23175c8,273,786
0xd68c2b3086f9d0e278b0e0aea23ed361fa7c28e1,274,463
0x9b6d59a394afbe57b79943e92f4301172f9ba3b1,275,2300
0x29ecaa773f052d14ec5258b352ee7304f57aabc3,276,688
0x1de21dfee2574f2be736ec6fa23be4fab447daba,277,2094
0xc9037eb8be6f7a54b7019b14ff8e0ce6d839ef65,283,2367
0x5c71c4722e652e5cf3c8045ae33237be554d64b7,284,1141
0x3e03cfeeeefc0f4e212c299338f00446f425d0e7,287,5242
0xa1b49ab359f0d3be604ac71f7db32a02131fae47,292,1849
0x9d2cc70eeece55d677ecd0c189704088346781e5,294,1977
0x1789143dd1d4b37cba073a3913a1496b7c1ce017,295,2060
0xe1d3615a81e070a16426871af2bcedc8ccc55360,296,4934
0xd7712de39a49de973caa0180e2a383e8c01e8ff6,301,2032
0x31dd1931c10865fcba58e907e01ba49de113dac9,302,2099
0xb2df024ccce93fa6f83b277bbaf5c2598ce7c10e,305,1941
0xcc189a24eaf83187dfc1b3fff134b74a9cd58c8b,309,2166
0xbeee6d32be0e7d394327a6e962c1bd68f4cdfbb5,311,2090
0x7a9057965d9151973d120af3ee0ec7f57b3a403e,315,4236
0xab529265f4ef59d76d2e00302dd817405c1111f6,317,1875
0x8eee49ce03e3580f0b90132a07bd5802d34de8af,320,5221
0x24a26e52ced9f1cde24dfaee7be7f26fb78251b6,323,5231
0x6674aea78fc1de6f93cfa472bd82bfbc56e1abd2,326,5305
0xd88549383f8e72b51d45919153c701ad2123c68b,328,5250
0x804852d9cae828195cf6273093956dd8d4019507,329,2360
0x6928bf5fda484cabee0470747758dc9565e2e277,332,5267
0xfd70b6abd2f10d5ef83595c4557bce2b4e0fefb8,333,4308
0xc3c992dc7a55d26c0d59783eb1ab6509c180069e,334,557
0xcd28963c2e1bac48931931f77ea984770eb25304,336,3891
0xb565fd875d089ae7abff5e75b09b136d8d2c09f1,337,5286
0x4f8efb3279a352f48abe2cd7a281434f29097693,339,1960
0x63a645b0410f7283b3abc33231e84e37d55b12eb,341,2211
0xa131061f90dbc71c38cba8ffb9e8bd2ea3b631ad,343,5329
0x304b292516d902199c7ccb584699b39e393d4704,351,5351
0x329f65031082e29723b740557495cbcbdb3e4e28,354,5405
0xd70b8786883b3331ca1251f856876dd9b0ff9599,357,5169
0x6cdf9c9a9b581fcdf444de60b7e70806a5321fd3,361,3710
0xcca1774b2383ef644ce4c87eb667d6ed4816c71f,362,4831
0xc08cd7a4b424f59423cb8a3de36675762a328873,368,4002
0x3a49309413793b32f6a308769220147fedbffa5f,372,2547
0xe0ac257f3e7e327a057aa757cc4fbe70cafd6962,380,3565
0x2ea72744b31a47464574bbffac1fd90093ec9813,386,2411
0x9f3d842b08f83a85b3ce5cf31fb5635a6e133f0c,389,4912
0xf293dfe0ac79c2536b9426957ac8898d6c743717,391,2540
0x81f3b9d833edc8dc794e84e3ff5c3803a9d6c017,394,4290
0x52d4d46e28dc72b1cef2cb8eb5ec75dd12bc4df3,395,4123
0xe6ed0b124483eb555bbcf01ce3c109c9086b84f0,397,4654
0xf8432d475b055e8774d1335fa36073812f908754,398,2536
0xd6bde97e6d821f269010c077e144d8a5b937e1fc,400,2590
0x31f09813f4f65d00a4ec86365caf8b1d6e339271,401,2591
0xbe3fbebc1cc29e99e02237dac84860e268cabc9b,402,2896
0xb3dc00e05e5da65d40d5bea17beff36d4de5addd,404,4642
0x7d8391a9d2199b3afa76e7824164503bb2fcc4bd,405,2500
0xa8856f1e510d8b6e0767b9d31f1b355aaa3bb0f8,408,4688
0xb054675add7062e2a708ba7c211fb0ec1f56b8fa,412,3350
0xdefa859c55f044a17b71c710c51ca9278e51db80,423,5309
0x660adf35c3d79fd2fb16c3fb2e475b9907fe78ca,424,2494
0xdfc3ea86f9a04e9a1508a211dc15a99b27baddf9,427,2551
0x602e3690120c4e0d68918e66ad549be9d1f99b45,428,4303
0xcae154c5d8f08eb644ea941a8f6eebdfa5532b3c,430,1187
0x18ab65ea042d4783125d02c797880d761cd3ce74,432,2424
0x6a35d29d8f63e4d8a8e5418be9342a48c4c8ef07,438,4738
0x16fa0ca8cf9b69f7062e93d818d5ca2f9a321378,445,2545
0xf926012d9e8e8d9541458158b246e0a9e714402e,446,3454
0xd97cce4de34373065ce4ebf5f395904b07bc86c9,453,2580
0xe114774be1a75784639efbfc1c11fc120b22a3ef,456,2573
0x6b347a82fcac4e6a38d1fc40e3631bd8f9495e9f,457,4410
0x9e6e058c06c7ceeb6090e8438fc722f7d34188a3,458,203
0x76e6e2e9ca0ee9a2bb4148566791fd6f2feeac32,461,2529
0xf79bc1cd911d8757a0d199a293982717df02bc86,462,2481
0x0cf6cdb4d406179f12a15797869ac6bd941c2535,464,2499
0xa0ee5a798c7420ad32b2e4b34dffba07cf1ef3e2,465,380
0xe3478483a9a7ecd8cdde248ea43b48197b19e09e,466,2455
0x1f2479ee1b4afe789e19d257d2d50810ac90fa59,467,2486
0x019ed608dd806b80193942f2a960e7ac8abb2ee3,468,2584
0x3c39fcb92def6e59108100aa740775de1b429fce,469,2507
0xccd17ad819c4c71f41e31157eb316b4a843ef0be,470,2492
0x8445165437cb63affb2f143378d0ec63e0249582,472,2514
0x89229af0a0a800241c1a33f70809c156a58d19dd,474,2446
0xf6c530eed1279561d1369a56198f281faf2f5f2c,477,3894
0x99823c9c4facfddecbb48c972c4ba77990824bfb,478,2470
0x9c6cf130b17652895beed21ebcbf792a393d132e,480,5009
0x73084e4338a64d73180d039fae40a0e92b105f35,482,4424
0x86b29b22a9b84f4d8b2ad5b1aca84d117ce7df27,485,4580
0x81e4fb0c64bf49f89b57f6648562fc9a791b2e92,486,3373
0xb3a422a68cec22435ed002caab4d0d2eb6cce28c,488,4240
0x02673bbeccc99f02a4a7adbec2796680de2da3d2,490,3633
0xf8d8e8dca72d41aba3e24518194e9eaf03fdda86,491,2434
0x7231623529e282db4cd088468253d68e1ef163fc,494,4428
0xe010b3bcbb3d077a82985194800227914393360a,495,3432
0x23be90335e79d3245615985d91f69814f98a0fab,496,2543
0xdf396744d6809be5a85f2b4794349211a503d9e8,497,1343
0xfb95fd4e72844f73625790d50c47bc3c2868df28,499,2562
0x4a2890e714a15d0a3c7c4b1c7b3fe101fccd7d14,501,4251
0x5e37b7e461beace6f0049ee50f86aac66ec78344,503,1283
0x8a450f10ee471c20ac94cd23ff1b4e293915db34,504,4142
0x83b7b6f360a9895d163ea797d9b939b9173b292a,505,2501
0x1fa075c6c1b291e49638e6743bebfcec70d5f8de,510,2485
0x598f8af1565003ae7456dac280a18ee826df7a2c,514,2583
0x1715a54b6b68c22a53a9733b0b2dabb7ba52d0a9,522,2450
0x06117dbdb9a31d7db28b7a193218db580435a7bb,523,4988
0xd5e9ef1cedad0d135d543d286a2c190b16cbb89e,528,2467
0xbc02db030361121dd43bbb2fcbcb4f9f98c1dc7d,536,2478
0x5dc57cdf5736b90022e6a03c1cde96dae146959a,541,2479
0xcfee1c9c3a4e8e709e2f177770febae79875c531,544,1838
0x69a67822df2801f4a7cdd419f5e6585bbf8db4f4,545,4464
0x286c7b975ad8850d2d3404f458a6297edca5e4f7,548,4985
0xb911c07d75fbb5072eb086e1499a7f207fb6c0a4,549,2931
0x0cf45df98650bbe510f7c6e222fe5d917a4afe00,558,3242
0xab95286ca61b7c94659d853f1fba629508ab4d67,560,74
0x28ea762dce91bb9f994944abc7071f849d84981d,564,4322
0x759375a7fdb00b72682c81b686b2a90b3cff07cf,565,3100
0xb2815298bb6f8cec3b1faacf81b4f1ad0b111918,566,809
0xf270837176a8a7abb9c37da3aca3942795d38718,568,206
0xa538311df7dc52bbe861f6e3efdd749730503cae,571,14
0xcce4bd1d08aec08de12ac7730ac4facd143a2abf,572,2627
0xcb5c0d33d92e4910daa24825db8af9b64e17c33c,573,4227
0xd531f9f443cb6a9880adc295b32c17188ac1b4e6,574,2864
0x9b3319caa84a3dba6be70df1eb7af3ca413f8eb1,575,183
0x84957e6c9f6ccfed9c35c850c3903732ed90858a,576,3656
0xa5e3c78e7b97b51dcbe9ebe7d6edad78fc740cac,580,4568
0x99a811e5c62add613975456292f836115aea0164,584,3506
0x0dee629a5961f0493a54283b88fc0da49558e27c,586,3878
0x9e967eaed423e6f0f21a181c7e8196eb347a8ef5,588,2807
0x48808178d3e4583187a9941d2c813e76d12b70ba,589,3311
0xfb4c65f1dd92ae419f8d52e0ed3d94775476b900,590,2945
0xee402489d83e2b22d496910f8c810d35a3ad7b25,597,601
0x7d56867ae0fd8de19f8caa03e62fc8d95d0c065b,600,3949
0xb4e1553f3bc7d9ac5202064ae69e14e17cb150db,602,4191
0x74facf54972fdcda0bdd1f5beed183b316b0ffe1,603,31
0x5a8a6647df1df8e2967fc6ac47349d109c1f6194,604,1
0xab88432dcca57d5ff22e9cc6b932b1221001284b,605,137
0xbea7a482b646e83938ecc8184f97746b3a532f4c,606,301
0x99531aa682dca2570555e052b33531d77081e5b1,608,4620
0xec8e446c52f2d4ac9048aff1813c636ac8334fc9,611,26
0xbb6b5e1377a36a668995b889b5b57aeb84018b4c,612,327
0xe3a591b751440dcf47922e2294a7305e781323ff,614,3452
0xbecc60c44f7dcf3c8723bf9782d537296bb3cbf3,616,3229
0x68b5d2b865da2c90f05e10c62ade13edc4461708,618,2759
0xcc5ddc8ccd5b1e90bc42f998ec864ead0090a12b,620,3269
0x2791de4ee53da7b499cf276d003637f0c3cf8a3e,621,3256
0x57364d13258bdac76167605d9fb47e958d0d1ab1,623,118
0x8124b02b4967bd7338a450420a572d574915ff9c,629,2645
0xfadae26458902e6eaf1415ec02151470a68f8137,633,3009
0x9dea397fb65b6de12475347d15f6d349d1c0fa5c,634,12
0x61469679253a8e7d88366561889410e6a7056d40,637,3523
0x5a6e40b29bf20e4f60e7becb571af5ad5796a3c4,641,294
0x503a15c27c23cef0c05aae6371a4a3079e531c7d,642,3394
0xba178ae12daa78de6592847cf8bb26508ae5d5db,643,3305
0x61592a6f682bbabfd743aa7596ee269e7448212c,646,5131
0x2c5a4ec04634586d1fa102f23513b4bcc660eaed,647,4039
0x9c33a0c4421ac21d899539004977f2ede55cf0ff,648,5366
0x99d46eb671bfb7f367ebf9d5fc76b99587277de5,649,818
0x986cab398752690167dd26243592696b3de1dbb8,651,3361
0x47c3eb3dcdd524c2508da649d08f94571dcd398a,653,3643
0xa16ce88f9f702d390244ce016f9416b23c9c3027,655,2662
0x0bd258d220c2524ca9992e873b03c1f556e3a385,657,3755
0x0945255148a4e0fafb31af7964d67a827442c8fd,664,4317
0x6761bcaf2b2156c058634d9772f07374d6edef1d,666,134
0x160f713d638f7c849f807b97c6b71a3581b01dc3,669,286
0x2fd97e95fef2fa45f6d83193d471aedb396138ea,670,3230
0x8a503de3413a926bfcefe9caf2819343ad55614a,673,5091
0xb69c2c2bf4ce898e676fa048bb96d6355531f11a,676,2871
0x5de945e8b3c7cee5580c0f6f54ebb5653bf73f21,678,92
0x5925f5d1d9190794254d1f9d5c7f5fd8068bb78f,681,4739
0x35a3e6f5d0fce697c3e820bf6011c6187c332fd2,684,2160
0xe88f42474046183f2367066cd940e74ded8085fe,685,2814
0xce1369f98f52138a7b6f82b416ddad0318f7c91a,687,2640
0xa015fe2a1947b23ad454e699f8cbbda419671f5e,688,4272
0xa7c60ee5c707d4bd67319c17745851b42a2e4578,689,3628
0xd3fab52a0c93346f23a9b9b24fd45ea0b8dd3420,693,165
0x5b950e055b4b9da5bfa9d2e7e6ed04026b276955,694,150
0xdd50862f53d6da914ef74e572e7f85af1062e9ac,704,5040
0x5054dc3754e813a24523483ac55b6327dc690929,708,3478
0xc29d68bd64b47be52d7487abd44673dd3b0dd15e,711,23
0x034f3e9dc95e244ed292745f09b7e29a8c5bc9d3,715,4679
0x7306d50342f3c957673c06ae33e481285b7a9747,716,3477
0xbb60f9f245505f3d132974169be1c01aa68f66f7,718,113
0x5ce9ad759e41bf1b3dfc1a41db940a90d7a43460,720,2412
0xfe070c19e08e6caec1397f201e7d389359a1f1e7,721,2703
0x287b59eb4175e96ab23263698803a8f7dea7fea9,725,107
0x7909e250df0c9c534775fdac519add46c46b6aa7,727,98
0x1df4c50410e20c2210b60b95cd845672cbd437a7,733,2870
0xd1aed367761534e67c6e3e6de2315d77c4c8fe3c,734,2678
0x921e7ebebfb4f37a3770c5ccafc108ac31c8d438,735,5097
0xc2dfcc06d2298132d17a9f70251d5e102874e9e7,740,4636
0x6763ad99a7ced95818773781e9c83cb1f199b839,742,2788
0xd7c318e9f9129239f6ba4e10994137113dcf6244,743,3664
0xeab37b9b0b3ff2d24e70bcf7b15ff574b410c4d5,745,5424
0x7a41fc100d3221bbf8b85fb3000aff2bc6ba3b96,746,2754
0x44f299a7b638e93d44a925aac1cb8b7b8493ed6e,747,3268
0x543154e6914d93a137b0749d2e6432a4d597df49,761,4056
0x2755865624377194e5e10934bfd3c6d9265c7e2b,762,2980
0xb03c2f74eb798aea7067b33ef7c6635207ebe10a,770,3820
0x12698465132a42b9f4502f9749c42d1830a5be96,772,3464
0x21eb2bd8a64391df5edbb8008b8381c0f2aefedd,773,2758
0xa63c72f57eaec7bef6cf6ce5c61cfde05dae9fcf,775,3180
0x447331e3e8e1d9fd2878e345c7fe11c88db0858f,777,1496
0x8fe61ecdfb72fe97053383d8bfdf43715c8aac1b,780,4877
0x9eec0b5bd8a48047f0dcc61e98b4b92951480f98,782,3247
0x088e25e6027816c753d01d7f243c367710f20497,784,3482
0xd387a6e4e84a6c86bd90c158c6028a58cc8ac459,786,3080
0x8121a0dfa2380dc745dc19d511478c3494434942,788,2636
0x8fd024194feeaf9de1c0ad7c9ab9c3a7055b34fd,791,3995
0x490a4fdc7a1a35b5c2c3e9418dce793fce027bb2,793,1284
0x4efdf673421feda7fb9e1b6baaf824f7c8e70696,796,3856
0xff1a9252def51ede4489c05998f5e7cf8ad2c1b3,798,4929
0x0c2ccccc447e7b86524f73c20ebac195e721c584,801,4489
0xf983557ec70fbf1a4b1e247af7bf10247e9b69c4,802,109
0x62391b370a4761f7087f83d9d2c8d7bfa91036ab,806,2784
0xbfe8d5abf248081fe03236e31efdfdfe1562f9a2,807,2962
0x93a7c46443901c2ea2fc1263a4d076f470695d3a,808,3834
0x533e700f254543f64f0420302b3c939db39b6ad7,809,5412
0xf159448ef1041836fac54f2df25dd6b5b31e5d9c,810,329
0x6e63a4caeccb4f341ee9c9175c9cc554bdb6d10b,816,901
0x81dde1be69f32e25a3727351a4d12569310a2fe7,817,4231
0x0a5abc4eef196994abb9cd34fa8fe9229ce53e4f,820,3233
0xf7cc1cbe562ff9072aa221951bfca9a1bfbc2b2a,821,3442
0x9e8c66c743723b1ffe4feb99b5bbcd67d391f6fe,828,39
0x3038f0d15b06dc7a5d51d04826d0f29c5db41e4a,829,157
0x5e2efd3b3e9efce90a661f988114efdd5032af20,833,215
0xa046aa316a897670967fe6105e6258a1a933599f,834,3295
0x9fc3657036a1f13cc680f453a681978dcf8dc053,835,340
0x5084731b4fdbbf943d4903fc2ca83b83f77f2ed6,836,332
0xbe314949e2b9d14c27fa6785323f7cfc9250f92a,837,76
0xe330605532223a623750ee23a9dffccba357a546,841,2718
0x6bd784bdac5354ce0150f924722ff7adbdf13e32,845,4514
0x0b3253992d3da9a4b814e5ccaa00524193effcfe,848,2972
0xdbb59151b18dd72e9ac092706e93de5b5d7a9325,853,2845
0x26f79fe23acef8c1e5f9bdfdfe45ff758ef822ae,867,5109
0x98c45d5ea9ccd8278fe43ba740e967a49cd19e6e,870,346
0x7b6cbf7f927addbb5177fe455b780f312873fe69,871,361
0x8c2a1a80c23a8e9c06d624505b62da9fa4d53baa,872,184
0xb007f748f2223e205483d80a3b634bfd5268a504,875,4022
0xb3007ff3c3f40bdf0126fec7c8e43c3fc50ea813,881,3246
0x3df364ed7e8a887f7f9c240f7e281a4ea05ce03f,883,2684
0x56cd7e8dde78274f6cc92c06bf7a8291e0f9f84e,884,3634
0x33845def8487e1965221d2b07ea6ff391fe86c99,885,3955
0x73b4437a4b3e43de673836107437e4f092a363e0,887,5015
0x8daada22fb588c300e2d00a5fd572d746dd06cbc,888,3828
0x9f0574a5f28779a1a682cfe4bbd090ee058d07aa,890,2913
0x7f1cb0715b6c0b0058d87e26e7184c9ee7cdea55,893,4280
0xbd3cd009f4b227f15a15acb6e0fda58bc02292d4,894,2725
0xd15dea01ee1eb86445c1a0f3e15fb675c24499ef,898,21
0x240ad467a71210629d71d4de22ebde27951c83fc,901,3245
0x81e5cd19323ce7f6b36c9511fbc98d477a188b13,902,2928
0xf4a8b052afbd2584d0a12c1711887ef8b2f4b44a,906,4312
0xc8787833939577e6da74ec75c4f73ef9fdc5cdd2,907,3833
0xb8dc9d4bbeb6705fdba1f89458a4bc2a2066a6c9,909,2954
0x98c0fe160b049d3436d2c3c26bf454fcfad2a8c1,911,43
0x23eebb090c430783bf0665478ea6d5793b44a3c3,912,2
0xb394f1aa30ba874df3ae6097bf4c2474b2d8f3ac,920,2810
0x6e6f1ecefa9e7cae3efcd54e06ac8b7cc9f7d25a,921,288
0xd5312102a9f1dfd88649ddcf99f7d4b9519eacb1,924,3436
0xbc95fa5a2ecb38a5f7e8904623cc941e17b6e79f,926,4628
0x7c5da3494087cba0ae94f928482ca355653ad048,930,369
0xe61ecc646799bb74405e676656c0f6300d0ab999,931,3688
0xa8bafc88e36ba1223dff19452309f96e1b351e67,934,3486
0x21316e6a4f0af45e5f1503984e83b10c53b177d8,935,2847
0x04bf698d78bf2deb753a0a48d53d042a6b9de31d,940,3616
0x461ae8c33224aceb7f1259095dd2a334ad20f322,941,2739
0x1934200c2e77bd2808c46e23b545b4c3bbdf7562,945,3809
0x8e662143178bb8c797620a3a61f34a71832475b0,949,2986
0xb66c25d27fc323b12986861a443c0ab3554ebd34,951,4210
0xe13d4abee4b304b67c52a56871141cad1b833aa7,955,2935
0x5cbb31e39ca93ca13d8e9f686bf749b14076bc65,956,2613
0x0fa074262d6af761fb57751d610dc92bac82aef9,957,4843
0x987d113368e1dc4f411f5b192b20dcdd6e93df7b,960,4277
0xc9c929a04bbc859deeed513c2c79675f040065e1,961,4933
0x15cabad1f726aa1a7d0c49e7fa3ce0d8db9bcd65,962,3061
0xa7b33cd26f27f1c6b709db5cae442e42387ba69a,963,193
0x48c94e8f4c0f0a125bed72e292c8dc84673e4dfc,965,3904
0x8fe5e9314ee0393203efa93470a2314e265ce1a8,966,105
0x2e77cf8e5536732627544d13edceb16dec748763,968,130
0x16f33b4978301453a9ca8e6b33d1e45f3a8dfdea,970,256
0x4b90f1b1af8bf85577e1a2e2c170e38971711eff,971,67
0x91d849a3677b00ba76a26313750e9a433445f7b0,977,2930
0x8ddcfa05335e325805a72b27a47660369d1abe05,978,3070
0x701193aeb6183389f2993dc81c5231751ff5c6ba,979,1213
0x36bd6221c2016371c3af00071726578b91acb007,981,4492
0x37f37f24b4f662913faecaaf050d1ca1fcf074cf,983,2846
0xbd366befd23af4102caba7e11100df3a0c645346,986,2866
0x3a610204f4baf704e4c174a4855fc0d22388831e,989,3112
0xaa29f503cde18ab560c32708195c8ec43f26748b,993,2856
0xc454e2b4ebb3c74b2caf83e74067a8055b375e4e,996,4006
0xa7f3a41f818542c3c958e6aba8b35868c94d7b2a,999,4641
0x7b03418b0126042256456561e51411dae985ed15,1000,3114
0x129cca387eacfe191d8edde1d8d9723b6b891a8b,1001,3143
0x46c1794df805bfb5761726c60a8148158dab87e2,1002,3619
0xe9822f18f2654e606a8dff9d75edd98367e7c0ae,1006,5215
0x5c7c0fdc44b44673f070535897d1208104a28950,1007,3270
0x17b59adc021a45e5f5f119f1a691928d688cfe55,1008,2978
0x7e1dcf785f0353bf657c38ab7865c1f184efe208,1009,5324
0x363e6c9ccae7c062ab9cdbe6da83657c458e72a8,1014,3338
0xfbb589251a5dcd955f51fc36e560b18fa8a5e974,1016,2642
0x981ca273ef14eaa13dc04f4779da65f765de9a77,1017,2888
0x7535da202d79ca57299918c60c218f9b779aa14c,1018,2630
0x01732178fe9411f1b46b526e5d52ed958ac0027e,1019,3359
0x06d13d1562eb9da28c59e86e9bfc2a87d13afb01,1020,3040
0x576a655161b5502dcf40602be1f3519a89b71658,1021,3027
0x52f1f2957b7ee88ee66b5b67cb765d6762304f30,1023,3550
0xa7b3f922e1e2ad432a424c0fe887db9b4f1350ea,1024,5218
0x5d9b379be2bf6c1fcb1113317f8d7b1345a4cf00,1025,5053
0x7dfb612c4227a7f252e1631340416fab0f9081a4,1026,3678
0x685a8de16b2dcbc4ae0329cd80ccd8648b37d9fc,1027,2965
0xf6ff0cc75bac3a41164326afb74e89280f8047fa,1029,5274
0xfb9395e0b216823c9a60d5dfcb8c6ef458232a71,1030,353
0xcea8da439589f6cd4a2d07e8fec9dacb803a2b87,1031,4701
0x1b51a36bb32ba6303e76aac15ef2058d362a59f9,1033,2702
0xc8a974a97f6a7f57b6ce09aed5905d5547039f11,1036,94
0xe9c6f465e17b249d1abf99d1b07c25c438816a39,1037,2838
0x8dbbca57ea56290efa14d835bbfd34faf1d89753,1038,181
0x07b99b5a4093be2c4465d55fcaad50a3cb61447a,1041,4106
0x47732130965ffcd674515dc2442236003eab7637,1043,4403
0x54d31b4c1823cc22f02144931f3665fe26a6ca19,1044,5089
0xafda563731dca46f2faa7f517a9bbaef9294d173,1047,4655
0x6cb8be64f43709bf45cd86a5e1a8c41e78ee6111,1048,5335
0xbea354e2e0e27760edeeb26a07791e09572aaf33,1050,3046
0x0374159c4abf2d7db45cba753fcf7fbe17efa1a7,1051,4523
0xaef106ae6c08db1168d115c8e20dbbcda3c7e7de,1057,3929
0x322209edcd172cb32bc200376d1de22ec5ecc82d,1061,5352
0xb47ebe89272c9e35b272885baecfa9173ed7a2d7,1064,2938
0x0ef27db475def4b06c2c9f809da07d5b64085d37,1067,3461
0x39fd6dd466aa5e7cef6f6ba5c0d23112a9c29d79,1069,4761
0x7c2defc3cb078bc84e0d9b420c7dc801f8a7a7f1,1070,5133
0x6929034fa203cb93b9a0e6214a19c09648283643,1071,2852
0x0b5749c0e07dabc8b5fc3cdaf9c73dffe35f0477,1072,5345
0x4349d6c43b3ec1b799f1634887da8b22c5d21c09,1073,3848
0xbdbfe5f4d8775472b0398f88fc378ec2e5518558,1076,2919
0xa2dfeff3d06bf6910651b6f84e815a05a32baa18,1077,3544
0x8ab85cbe4c76738fad550074916ab5a6368b8425,1078,2768
0x9e315e9701908501f6dc68a2af6e28a20c75d970,1079,3408
0xed07b6e02c40f5f667afa70fb65d2fd7e38c2acd,1080,2865
0x6a00ef8a35bce729b40887e2aabec3bccae16e83,1088,278
0x9707db82df92c58055872731c7a87f90ca990901,1089,2843
0x3f2360806442a4d7dc643a9e235a93a6ab1c5000,1090,2898
0xdc36660ccb953a3045e18e0e9c25ca466ae63491,1093,2901
0xd13068b3f4dca28866492492c4967765f52fbd2a,1096,2820
0x5fd794a8364198cf74c6e71f7efc1754a2641f30,1097,4516
0x491f197c4b5c57bf3fd6f64b985447a5fc9af13b,1098,4448
0xcc7098dab8fd326ecaa361432e1e1e4641f6a67d,1099,2837
0xcb832de0c1f2501fbd19ee48f801d3d729fd4d04,1107,3909
0xced97d3ad85390074bfb09bfebe76d89f76f5696,1108,3369
0xb605039bf51491d5df36af3d3660b27dc606703d,1109,4818
0xc88b963239b6918f74c3298bb1dc079b92671e42,1111,5002
0xfd56701fa4c6e62918e14000ebb4ec5a16ebea10,1115,4922
0x34c8d8017b4fbc8c12818e92291af369298a47e8,1118,5046
0x8342714feecc3dfdf3720e6abd27b4f3d7e41193,1123,3223
0xf862c9413f2cc21ebfda534ecfa6df4f59f0b197,1131,2880
0xf5fd102308a9dab0f03c99b0ab944b9b52415d40,1134,334
0xd228d0ce3f908e7cfb97d245e6032175d7ee5c40,1141,3621
0xd00d1eec7502d8a5a85feeee561352068b929a98,1143,4315
0x5139c2d023c638a5f5190858b2ba4886873ed027,1144,3568
0xe39cb745e8db0da1be665adb2eab58f4fd600927,1145,3497
0xef3d9ddf59f3622a04753c61e6c4d596e7fc610d,1149,510
0xcc0b13b539c8c08817868a9855e40ff7fb8df92d,1151,2698
0x0bd72939b7f9fb4947fa8f53abe3c4dc4c67b5ea,1153,2619
0x08797952462b82db639ddbfdef2ab1718ffa7676,1157,2967
0x8e6850c20771839ca70f53da619aeb8e4f5f19f8,1159,131
0xa635a54b4305d786db7a2cb3a1c8bc90bb15123e,1161,2998
0x7485ac6d8534691993348d51ab0f131a19fff763,1162,3601
0x3a5dda278571d8d2250348891344c518141a5163,1163,241
0x0e841dee0ae230c0948784a2a1ae57880de02d04,1174,3318
0x2e9ce539d7e316468dfa447685a8e761ba639c1f,1176,336
0x5d5183672236c9bb5c08bcb5526c0fde09690790,1177,2863
0x7103a727dd976fcb389921ceb148d2ea03e484b6,1182,2906
0x61987699055394c65355f2797d3e4e589f7fabf4,1185,3075
0x568f888e808621bde2f8f6511bfcf952732ae70c,1186,3963
0xfdc34f61ccc6e5cbf8d168614ab29bae624085c9,1187,2618
0xce9332f4d44e9efccc64f88c9bd23e288c0ae5a2,1188,3002
0xd94d7922ed9dfa3bdb4253773bcdc78d5fc162e6,1189,5044
0x23a7f49dcd170407e84eba82e0733452db537d9b,1194,4
0x1bcef7c5211e1e2823e4083ca212371f92237ef9,1202,4723
0x64420c8b323977b5e74e9ed4850741ad6e9b51d9,1203,47
0x5aeedbc6b655c13950f32e5e8a0760d15bbe0afb,1204,56
0xc20f5157c6a4c88035cc78206eb4d48332931b83,1206,5333
0x791fad8329a0a56e2ce98380d6d6fda3302337da,1207,3500
0x2f91fbfe1cf90ebece33b2191de5032908b27bb9,1214,3810
0x0938daff5f4bd28f00c5230b4b820124efbd4ea7,1223,4613
0x0d4e6c333f014763f894010effbf126fcc6419b2,1224,5388
0x0b946efae53975b97a0d1d02f75fabf55d0d6a96,1225,3352
0x02797b826a8199afbc81240c38cf4e4fd9e9454d,1230,610
0x63009ae2bad374c3adaca32c220f704581363af4,1238,3194
0xabaec6a7afd06dd4c553ecf51493bc6b04a5bca1,1241,4059
0xebf02c6e12c3ee119abba161c40bfeead0a06b15,1242,3273
0x8847916be41b3cc93077ceef7dd3fd868a3f385d,1243,244
0xc00edfa98c782c580b335e414cd62597670a5e5c,1250,133
0x5ff57fe847a6fb357d6765ef7587c057c4253cc5,1252,3287
0xc0e3218697f200698003867b4df5e6fd8e9c83a6,1257,3252
0xb48de618990bb8e7db6bad65186d7674a0b98391,1262,2761
0x2be4aaa52893219ec124c8afc8168b7a6103811a,1263,4954
0x2daf46ea988c806ce1991bfadded429efc0f1e9f,1266,3282
0x9d72418788437a6ef0617cea36036f1a090af53c,1267,3641
0x51787a2c56d710c68140bdadefd3a98bff96feb4,1268,1541
0xcd4fec10c8ad4873e209062b31defb684ff8cb7c,1269,702
0x42a60d2f2ffa2150c568010a8d425f0aad284fd2,1275,2840
0xc9100cac056794c32359601c81421cbe609754ef,1277,2779
0x87fc0cdb581f84456c02f20ec1a844d95803c437,1279,4101
0x665498c14f80647d2a57a1f54eee4aaa9920fae8,1280,3141
0xd6ce3ee6791eec77d36266f51a56f630c3b443d2,1288,2917
0x561a81a1d18b65b4207509d0d7ec12039129ace0,1289,4018
0x5c9602687c65447747510aa429859af3c52ab2da,1299,437
0xaeb92050a7cbe1704c6e299e96712675e21c728d,1300,3439
0xbc2dc4cc1b453d1302ed85e297014eb4157ec8fe,1302,293
0x2c237fa0d00946802f1ec2616fc91add72c81bc4,1305,4741
0x0d41f957181e584db82d2e316837b2de1738c477,1314,436
0x193186e8578e575a99766f1bec5950aec73e4c28,1320,3032
0xfeaa535d0c6f25c120709238f665eceae0772527,1321,114
0x793a68e64214a1c4a0406a214874b60781320596,1323,3860
0x00a980364d694142cd036afe05ec0432cd51ca06,1324,4057
0xc1587feb970afcfd61836d8eb009bc81e4fc2363,1325,3933
0x670e49f7b94c30ba3dcb66d5ff9605fbca2c0085,1329,2982
0xc8c626980f06e95825cf2e12f762d2eab8ca7b46,1331,239
0x04c0b6775e37160fa96dfd0780d4586f47877e53,1336,4705
0x2a098ffd6c9bbaa61a2f53aa1da7996a49ae4199,1337,3276
0xd4bf218d419205d8ff0c4f3c4a417b6449e28d40,1343,262
0xfe76b7640ea998b4f40a2066df016031ce416b43,1346,3429
0xeaa6be7869506148b97bf76c844b6b3b51951840,1349,3959
0x5bd73beed8c68ef6f142a77a2cb2864a33e0edd8,1351,4971
0xceb4b83a9f33c26c8cdc8ff3e7b1cd30a76ae3d9,1358,5037
0xc2287a3184e1920cd3417ecc37b3a2d7739b00ac,1359,2699
0x9f541aef30d8440f766d016d7af67b3f79d4189a,1361,5394
0x05d48ee3e815bf376fc79d283301cfdef872e280,1362,2431
0xeb9557090d4f3a748cccd1d55a31dc67a5caf01d,1364,2638
0x10cfd6263d33428b9a87ada54284d6a5dccc1080,1367,3658
0x3a3355805181ba5752cb52cebe8c95c0f3ed3d61,1372,3356
0x9efb40393389654cba345efc2a296bd9e523cb06,1383,2948
0xbdd0bb6c72e1f11953d95d581f4be5d4ab76b813,1385,140
0x3d6e3fed06464ee9a495909ecddc0f9261d5555f,1387,3082
0x6ab35d3b8a375e9ebd74615799c0ad012200190a,1391,3869
0x7d238bb0b5b3bf494144fa261d20522f6131b125,1393,2729
0x1aff1e0f1d5f76f92145a278d8c31af9ade783dd,1394,395
0x5f7190b7943858b7bdd24f069241612091c6a986,1395,3198
0xdcb6cec504591fb02b50b059ffbc930dbdb919e3,1399,3342
0x95318bb3496ad4c07ef8e67c1c3429b389551410,1400,5139
0x1531c2b99400a503a66f7dcf26c13d4f3b867151,1401,5118
0x8b709b40fe42eb31589ad5b012da7d6204b7402a,1403,122
0x111c26a02ca4050684d4083d72e2a7c1dcba853f,1404,2822
0xd084ec3b6f1fcae73fb8668ed4b99614fc7c39d3,1406,2883
0x080966f82256c3e2502f46b5fb5579629fd303eb,1407,3125
0x93f8835093b82bc3218a4958dd107ea114782bcd,1409,2853
0xdd4e0a06fb47a8bee50cd8d583fbc398029a9e38,1410,2960
0xcb84517530f46be004e484dd1a6de59124ff88fc,1414,391
0xbf5c6d85510e491cd45d1264fffec0c2c4282564,1416,3071
0x51ec5e1b8b3c4c6bae49619e657f94c4ad577b45,1417,3385
0x8177c6518923a6eba30c1befc4de99fb32e0cec7,1418,5019
0x11051d33685f661c2f8a48465b77ec0a2fe7a51d,1419,4540
0xd718b31115927c7a60165423b357ba59b7e38643,1426,2745
0xcef44d4d40469ca6c2883bea3e09c42bfdbdc364,1428,1425
0xae89ad222e67205e8d947f131fdc9fa139828745,1431,4588
0xff22d5f19ac308a4006768e42996c7f7767b3ac2,1435,3999
0xbd9b7373aac15d9a93c810df3999343f4fe1ed88,1437,566
0xd0c877b474cd51959931a7f70d7a6c60f50cdae7,1440,3099
0xceae52c73db66e280f8d5be3db89dc69463c7d72,1442,3617
0xf7ee6c2f811b52c72efd167a1bb3f4adaa1e0f89,1443,112
0x30c41bed20645d229d78168078975fdbb7bfa555,1449,18
0x2cd4bda9c5434bcd7c218cdc391787a4ac64d5ec,1452,4099
0x779e1bf0c8b10f4b333dfd3a04f589b34012dec5,1453,3160
0x251f9379c7c55709685cc0a2dbc57ce373604429,1456,306
0x7d6a7dfd840ae88aa2e57693b370b4ffe89f9107,1458,78
0x3d41199226f984505d7be029057c23be4a44795e,1468,3258
0xa4ad045d62a493f0ed883b413866448afb13087c,1469,2851
0xf0f845850843dc312bdc23517e58008e37044177,1470,3986
0xf58d4bcf9bf4d30334dfed66d5d4db63147979b1,1475,3189
0xa4e7918fb5f4a8c12f9513b193be1d764d5757dc,1477,4268
0x6486b9978194a3f2292c223df54368a7d2effe4d,1480,4621
0xd0f464f6c35fac6bdcd8ab96389eb43db31a4acd,1483,2955
0x08ceb8bba685ee708c9c4c65576837cbe19b9dea,1485,3954
0x16c49b7b0221b507f8ca0dfdd5da1cfd49c17a9d,1486,20
0xb823dc506011eedab6f8feecc88806dbfc55ea93,1487,4435
0xc7391970d642faf65fabac8f63b0d41c4481d787,1491,3966
0x954c9e259b8b7a44728910bbe80936802d1994f4,1492,3066
0xc000db09a04c6effc246009ab835d8f23486b95c,1493,2997
0x4f7662bf463871ba48b24844a76165966e895509,1497,5062
0xd4602c45fca258170f374656ab69ed459744f0d0,1498,3124
0x33c84ff60264fd7316ba5305f1e843499e09daac,1506,4384
0xb8903d33924b10b9cda7fd9505e395f1ae0b8532,1507,4440
0xd768daff5aeffc055d334b5f4db1bf401a84d12e,1510,4694
0x69323bea116b59ebc0bbc89b93b997e8b1f0d633,1511,3147
0x2e218a9dbc931a9de514f52ea9c941d1170555ff,1513,3393
0xbce3bd3b206946abbe094903ae2b4244b52fb4e9,1514,3496
0x4595ff64328faf80a8cf0d52355639984b6af23c,1515,4476
0x2a62275773c91865f6fbee86d41bacaa696d82dd,1516,2631
0x0eb9a7ff5cbf719251989caf1599c1270eafb531,1520,2981
0x2ebfb7f355cfa10d105536f8427debe9b19ea981,1522,3379
0x0bf7d10ffdc557cb0348c66ec6c25173edf99aa8,1524,4766
0x2d675694f071422297575d11648d072323a9820a,1525,303
0x4c6010c731f8911a92787317edf707ddd7d2547a,1526,2925
0xeeadc5701b5fd25fbcc7fbf04b048cdb1fff1c65,1527,3737
0x78f0269f5b1ca914c8c58993f41181f89e212b27,1533,3193
0xee8eeec3e7a5ad82827480a9e00d01b1ec0a9f3b,1535,5035
0xf32d787049de5ac8bac416ea7bd13ff96f9a50ef,1536,4024
0x69ae44e82d03c105c39a869e206197ba46e83be1,1538,5227
0x9954154fb679105b06f16acad24c2fc159c4248e,1539,4862
0x303052148a78a692d7aa89bad454f3e91785488d,1541,2868
0x63a9dbce75413036b2b778e670aabd4493aaf9f3,1542,1391
0xfa829732d90dfc0b48caa2543ce5b8c317d21aed,1543,4904
0xcf7d98c36f21d27bb4d432c5a96c171d29b16ebb,1545,3640
0x9d9d850167184c32bc73995125298a7a8119d5c1,1546,4674
0x7672b17d5eebb7194d57066f86fbcb4e85a7e10e,1549,3226
0xfdef7a3e9b59b3ac1ea6888c27be2b606082654e,1550,356
0xdc546f477f273bcf327297bf4adcb671b5f20be1,1553,2816
0x3e3310720058c51f0de456e273c626cdd3506570,1555,4130
0x1672044c7e7e0e1dcada77ae6a08b5429ca0b69c,1559,2658
0x0857436c9b7117b35e9e6c75073b70296e19fce9,1560,4064
0xb77575cae3f0ce449ea7731cd6974db2734416bb,1561,4819
0x1f8adddd1afb62a35acbe9cb27b572183d00584e,1565,3703
0xeb5b76f2bf342062937826aac6624f0b12f0f934,1567,3219
0x9c17294f9956e6c922d56ad4f212c14442b87abd,1571,3243
0xf0bedb05f73712727ba0bc75348a25307a12c983,1572,2748
0x0553de51e7fa7658f0517e573d79eebbb59852f2,1579,3244
0x4b87ca36e024bbfad64f223884bb59dcf3e5c0a4,1580,3209
0x38df1ad61552fd164c349e3e450cf08eb99afb9b,1581,4571
0xdcca9dc12db677820422e7da2454e622b9fa5907,1582,4337
0x319cefeb796f6ea9c99c04f22617b8168f1f7fd6,1584,5258
0x5726f80dca43352099aa6c418f9a49673929a84e,1585,5332
0xc501a21d019ae9a58f5cf275baa5701ef8199996,1587,5093
0x24bfbd0bf3be1a211e699324294c8f30e73b66ec,1592,2656
0xf0c6494e3165986111bd8ab9efa66c48d9f18bde,1593,3680
0x6186290b28d511bff971631c916244a9fc539cfe,1596,2637
0x4b9af5f701bbcdbfd3db04ddfbb6ede767ea9d4c,1605,1057
0x18a6acdf5a0ba1c6185845bea3f595f34da4db8c,1606,4928
0x395bcc46e65d92f30e969cbe789c240a4f67d773,1609,4649
0xe565e576f77f0a06b1f9fcac652285784347ea6b,1610,1936
0x32aea0ac4746f6d2fa9e1261bb339678effa3842,1616,155
0xa208a0e5a1a74e6b9c3f053be2d1ea884067b925,1617,3155
0x3f537764f0b09436d1794fecb8713d5fcb8f182f,1618,3731
0x84c985dad8320e7566ff2f762885645fb927a153,1621,3480
0xe3324cbacdc2dac1aeec60e70c831591e43da70c,1622,4890
0xe9dde09f92e075cb4523dcd74a2dd4ea062b70ce,1625,3400
0xfb8b07ae2486cd3480a7cc8e8875e118ed3343e7,1626,438
0x4c54c8c65789ed2d77b948f9aa9482daa6b4a582,1629,238
0xd3244ccde52969b6bdfe226e7d99174f43ed9abd,1630,4148
0x48917cf4498f8835df24c9b1afb61c218b486d6c,1631,3148
0xdbc522931928f8ff7784c84e5fcec4ffdcd6e9eb,1632,3062
0x83402951043a3546944b3d6a612780a4f955e543,1633,2427
0x862244eeca0c73925b5a4daa14815fb81f499c93,1634,375
0xeb108e34e38e2c2e9fc364be1466c33922238fa9,1642,4511
0x2642b53770a0331014a186c79e0b1a1d40015b32,1645,3605
0x3401ea5a8d91c5e3944962c0148b08ac4a77f153,1647,3943
0x19a7ecbbfceacb3d67fc69293baf42b2ec83b7cb,1648,80
0x7b226c4c0b76da3e5f0e94024a3bf8d5b6336db6,1650,3298
0xedd825ba58be34d06d89f5b3c52bbec3b5f6a46b,1651,3681
0x85dd6b78cc5bddf5256b75337fbb5966e3cb5fb9,1653,3533
0x5ad350a64afe791440eed79eec04cea27dd6f6b3,1658,3855
0x61ab2bc16ad9aa39d111bebbb224322b9f6dfc1b,1660,3259
0x91ea02976870d5a037a78c5ba3b8bc4f3d9e4da0,1661,3587
0x24d0db7e182fcd29ddea14c04bcb182c89cbb0c0,1664,3121
0x5492e0112e49e5fed0a7b1278c76df655e509a99,1671,4066
0x5aede5804d4f2bd4a14f61fea1f9c6ee72ba1725,1679,4089
0x61e7e7665296749678a441de39bbd099cce72fea,1683,3117
0xec44b704a51c27c63478700a5f90d5da53f93097,1686,4586
0x3311d07b4cb4450778fa036aaf1b1ceed4b39b4f,1687,4291
0x4820cbb78bc16f229d668a8a2cb5dafbc39a9cdc,1689,863
0xf8cd644baf494d13406187cf8628754dca0a10c2,1690,2706
0xd81be2dd1fe5e3f9aada3ffea6d64e62506edacc,1691,71
0xb10d351ccf64648d27477bedc2722aca885d65f5,1693,3450
0x69df7dd293eeff309d8fa12126be3f5d2eb277e2,1699,2940
0x99a788474d49a80845ee8b4a1c3591ee9b55f443,1702,5094
0xe570e5f12808f26f9d8af967e5ff2307ae5c7c77,1704,4951
0xd598f1ee92a0358369644e65922090c98d11487a,1709,973
0x88aa4fe0681792c69dd31466b24acb026fb1c3e9,1712,5237
0xdf16dafba7eb85e0b1f03050c3374a8550adc92b,1716,2709
0x78c97961f7a75b85b737b42769bb8ccca3fdc6b6,1717,5421
0xd780408740eff49fcdf3fed8c8e3956dbf85caf2,1721,4581
0xed720fd731e2a99f71a4ebd343e6e5080f5d1f6a,1725,4838
0x5b2d192182cc6e39b047880995b67e179b89f63e,1727,298
0x96d80fdec427117b5bed01bd24fb3c960487e872,1728,5180
0xd5cf5e25f23f466016f2b860d68177418c5a8648,1729,3906
0x471f2b55035a9cfdec727fd1f1838af600234b16,1733,285
0x191f18b52555d55c5cb94aab539988221d8358d9,1735,2991
0x9792431b26026cc67117ff610ae4eb34cacd0755,1741,2707
0x8706a55cf36b820aef4aab10766b143c342e9a57,1748,312
0xe533962af0f81c3c0020224acdfbfea023be5591,1751,4163
0xeef7a869660f22ad0206eec262b895b7738042bb,1755,68
0x5d7222e548107812a851b00a298e67a4e2cc542a,1758,4957
0xcd07cc93ddd79d0946f9bb3157fe0b5991a227f3,1760,3162
0xc472a5e74b67671f23dae0d9cac788cbcd03e816,1766,3919
0xccba10276ea1efcf35882dc8e76eb7d193af9367,1773,2648
0x038f484b896eec06543b1f9d71119c0fcdc1a863,1774,141
0x0871e6872f0cdeb32eb013648a76575b4d2dba80,1786,169
0x55dd0cbeed3ca796ef99b547e5ec5af866d7134b,1787,5056
0x939ce144fac867f0d79c141bafcf4dd499c476f3,1788,2826
0x86028044be85713c0cf3bedf5bcb3598713571e8,1790,3993
0x6975be450864c02b4613023c2152ee0743572325,1792,58
0x2e0b873d26f6d90f347757ed0d041bc65e02a89f,1794,4790
0x63244b5f1ebcb999ea012da652dffee6653bf8f5,1802,1471
0x4cac902de30f930f1b01c3a96fb5b3ea061e2577,1803,3977
0x30602250c5f1fcba5407e99b1dfaab992ea4ffd2,1804,2324
0x87085d8d22d688e7ac9da3384127169f83e059e6,1857,4788
0xa478e7a8792b584845cfe27819761e16422154b4,1858,3092
0x956ea5d7fd883112c173063c06bc432de191e073,1861,2449
0x450629e1d26c57ce62aa15265aa6c0bd97a5490a,1865,216
0x4b462c21f9c6fb5e1fbb7e7b999188c0ebc4cc29,1866,893
0xb9acabd0272c046aa7203acff26df6cf312cfab2,1868,4956
0xcc118f73dfde20a7724df87f82fc716f871a8feb,1869,1023
0xfa398ae8dd08974a7d18d7fbdff03ac3a8bc02e4,1872,4931
0xb2b04862dbba6747c893fcbecd259384249c2044,1876,5219
0xc71e97918cb7e3b2afa9e5c7ff2f8573b8d88acc,1877,3167
0x2374468f08e91b433ca77dd7a109d23737860a95,1878,5201
0x74e2b5fdbf6486b1394e854d5b69219664ff4adf,1879,3337
0x80924056d194b67b499b36100e63381a27838ded,1880,3811
0x46964c276ec636e0be80ec1b96c7c157115b9ef1,1881,2802
0x17e31bf839acb700e0f584797574a2c1fde46d0b,1883,4713
0xbaba92b7822a56c05554ab5d1bc1d0b7e212499d,1886,2942
0xf096e0d009dd024e5cff8075a7418b5712f0cc7d,1891,51
0x8897fea7cc5c642c744bdbbc9f86b4dfe2593da4,1896,3123
0x265084d861015b516c92fe96d08fb3c3d794e75f,1897,5101
0x86557a2021836803768029dbb91841cd854889b8,1898,2823
0x83cbe1b588a7b1febbf806b68ac0c6da9deb69f7,1901,2577
0x0985224a811e65c235dbf4a2c2117712aabe4e39,1903,3364
0x407dbc332f834e51737e428fe22ce10fcdb4214f,1916,4152
0xfacef700458d4fc9746f7f3e0d37b462711ff09e,1917,2787
0xbe35171887d3ba015556d664abf5792d0869796e,1943,3816
0x2dcbeec92aca77527306b6cff316fca4e1b9fa4c,1953,236
0xf28941e8090c963d9c4134d4094fb1cf479e3b09,1955,3348
0x1efed205caede27da1135cd37a4192861a51100e,1976,3227
0x63b1335b3411c0a010b1029a71eeb21a7d4a05fc,1977,3581
0x10f546a6f4d20d91e5a8506124384759c9f4bc79,1979,558
0xf165d353abddb7cb00052d610254249fcc12a8c7,1981,1389
0x44659d37b5156566f2ea3cb73e46d3b2633720b5,1982,4223
0xfec33a90737254dcf9aa33188a11f32797197f93,1984,4900
0x562991460b569db7bc0e6303416e48726b0f91a5,1989,3841
0x9ccdf736e965620f857e828e43d79d4b859a7160,1990,1014
0x7ab6478cdd77acd0bde4ad9620c1570cb12504e9,1991,787
0x9546b9ecc274cce3c6c345622771e0be983e3b90,1994,3498
0x47c95c8e4ea818e5b0dd5082b94ce0e5949acec7,1997,4593
0xb98cdacd006b9d47c37ca63cc86f916ee23fc550,1999,4438
0x08c4b364332772462b61fe15074d21fe95bcaac0,2001,5413
0x1e8e749b2b578e181ca01962e9448006772b24a2,2005,2687
0xc24f574d6853f6f6a31c19d468a8c1b3f31c0e54,2010,3734
0xb2f4b16595e02a9721f97e3e30fb5bbbf73f5f54,2021,3077
0x4e244d35e62d8587ed3b0ecc105cfa69940c9a21,2033,46
0x1c509282bc2ad582bb2ef65462172bd4e5bb6ef0,2049,4944
0x9b5c8aabf848a89b1378a930d42fb094a7d94c74,2051,3484
0x1332706a6b68b80c24f7d5fe1d24379c34265e59,2061,287
0xc0b7e41c7e44e8a52d2ad06060a8c49e1058ee3d,2065,5379
0x457e6cb87f30eb852226a56ad4ce917654ad9f5f,2066,201
0x4410bb5accef3848bc7b64131ceb3d54740682e8,2067,3376
0x9fad1f23aa3961d32fb7745976d86edbcc1d4945,2071,4488
0x14b37f5ab9f8890807c5abd5b2f137261b0bc450,2075,4874
0x8afe035fb872b5ee0f0dc468d6283c813f473821,2083,3485
0x653b31a9b9c95f63b5ec3c2a93037a5b189f174a,2089,3511
0xd74d5644879e78feb95f13d25eb9875701bbfb9a,2094,229
0xd86315b02454f8ade3bac9fcc9f038a3a7c51760,2097,4394
0x21c40ffd49cc82058fcfcca52b64e17fea7a5625,2101,2969
0xeffa7c8b6bb4abc17ec9121943f6df9fceee6e9c,2103,127
0x3eee7105ffe7fd0b908ff199b39f69cee3b92908,2105,3038
0xe6611475f4f4b4ec6a3ec7e7960a556e380b67a0,2108,103
0x66b4e6b9e0e6a4bb5cc3c538c24503b3b7989b9d,2113,3349
0xb203faa6207ce9384d46fa5b9f397d304f17943c,2115,4952
0x1d0cb436c638a8647e6c557580c52e54dc9bc623,2121,3865
0x44e9d011df8741be2493e99297e9ad67bb1aa85b,2124,3049
0x453646b0ad86697f3bfbe61f086f10fbf9954c72,2125,1914
0xf306fb16db74045b90e19069c05dfed7c041f747,2126,3479
0x565712c362a0d44b962e545e7794345140387cde,2128,2533
0xaaeafbb4b4695863049920a62cca7b5f52e02e13,2136,276
0x307c78f5337aa4baf69bf8adcadd6e57bb1ab9bb,2153,174
0x5016ad80a9a5e88e32e23e8408e2d2a816d4c0a1,2169,2792
0x2e02389d7aecafca901503b3cebb5cbff261f607,2171,4213
0x07e23cb23f0640f176c9348639f4876c41b49845,2175,143
0x2c3ef1f3df0bf1409af53f8fc0bafdfe60318e01,2177,4524
0xaa73a811a4898ca0e116376be752b3960d554021,2178,93
0xa27ef7a1dd3920734eda7e57798b923256f27404,2179,4826
0xa6843ace7201449389101f384840568699255f79,2187,3573
0x42220e62e72d410a929073dadf9ee4584d4b7ef2,2196,5214
0x1fd95a90b6db2f3c0d4abc6a0e9819ef4a696bb5,2206,3149
0x3fc711dc1fbede234ccf6975fc089163a292af67,2208,49
0xc5a32813e4ba527d819621c7c3ac93d686a8067a,2218,3139
0x7b1d4f3602f0fe16c4f611e124d3d7b307245ba8,2239,1351
0xe0fb7622091e3d9ef9b438471b10b9ea88c7cf6b,2258,4795
0x2142efcb2870affc21b4f2ebbe3976f446ce2b90,2259,567
0xdbd9c3af3016c1169e1ebc6da7757c09ce81c172,2261,1627
0xf83dcc7c68fb3d40049935096594288641eadcea,2267,615
0xb7d20cd7522be0c444d815acd25d9118c9141463,2269,5327
0x385c2d94cd5dfa0ab6423891b817da73426bacc7,2271,4840
0xc410e2c1460d7eeac6252f05f1ff8aa87e798c3e,2274,4604
0x7a8e04c697ce96bb8728004fb56ce63155d4646c,2288,3005
0xff4eea1cef50f0effddcaa1a4d16d5a57b6a9d80,2307,2834
0x813ec5facf289bd41365a8f1c9038a1228e95201,2328,4139
0x535fcbb1dd13987b97e7e9b86813ebf76beaa2e8,2347,4468
0xaca056daaa8241843a2d90057272024e9583de93,2365,4760
0x44ed32b27aebf445c209dab3ea7e3a9d50f37b2a,2366,4348
0x51f8dfe5c467900ad635ff6601029f94725b11f6,2404,3636
0xef658cd36e233513e1b4409ae7366bdba7ba0a93,2431,4692
0xd649890d05dabd17a89730858d3af822e8ce3134,2432,3615
0x2c65f5acfb619f9938a811a6b8bd62ef92ad00eb,2434,2746
0x36a2501363c74e2691d47a3dd12d55edb166d2ee,2436,4408
0x11bfbdaf92628c434d5e544881a64ff93de45bda,2441,2726
0x3e9f88bdbd46c06071f2c9f1af893ddb6a63f02f,2447,3569
0xc674c649d6c2d2f32d1bc3e0759601e908f187d2,2452,3205
0xc52a5b315a9d811ae6b76f08265fe3d60d184d0c,2455,5377
0x0b1c9a4a4c90b11ede9f9ef49cbd25b57879b886,2457,3661
0x1655f19233616201b982c10f1967dda8d6f53289,2458,3989
0xbc038b0bf1b7fbf5b5eac9e8e59fbb23740ad8ce,2460,2937
0x4da725d81911dc6b452a79eacbe8e2df7ab4ca49,2466,2026
0x530cf036ed4fa58f7301a9c788c9806624cefd19,2467,3895
0x60e395edb1c754c0841e5795c9252c906907c76c,2469,5368
0xe3d78ce35d90bc404a71121c4585b138bb3d419e,2470,3453
0xeb978a3e7c1ecdd95966fa5101a7c5d95e2f83dd,2472,3456
0x19221de454ca78e846f0aee7273f20c02b9065c4,2476,3852
0xe54bee8258a2fe65095516f199034a08c02e35fe,2478,360
0x88f8014f4a760e34a3aeb76f8a550b060bb06319,2479,4035
0x3c1f9e4b2755571dce93d86080d8f4951841363c,2480,89
0xcfff7e57d91cbed35aaaa168fe4bf94bce120393,2481,2741
0x0c6fc5083f7f4ec4a3b2de37ccef88a72b64fa1a,2483,349
0x65018d3cfc95981bf2c104a7c0a786009ba45e13,2486,3191
0x4afacb23e16b4ae11878af4e12f2fb31e12aee2c,2490,335
0x61aa1430138824abd0c1f0878a3da2ba18071e8c,2493,3214
0xee96703614ea707b0b99ecb55da74c04ff70f2ed,2499,3612
0xf0e941e79edb30a6e13fa5fd527563f55ef68db4,2502,2504
0xc0f030eac8b588817f8da16b9a2cdccc6451b25c,2505,3301
0xc887959e93ee09d2ed9302d481da66d2d09baa4e,2506,3975
0xe4d242e7fae0297d43db6f22cd903c07852b7fee,2509,2833
0x317d875ca3b9f8d14f960486c0d1d1913be74e90,2511,84
0x6ce142f33e2e0b2e83b34eb5dae0367769205b42,2517,503
0x07ade4b701cb21769f4daaa856b3f5f8c26759bc,2518,3622
0x2e90eab144506e3662f2ee222e1d311516513b80,2525,3994
0xd693340a27908fc73c14739cf36ed2541446275d,2528,2815
0x1e9babdb4743dbaaf287352bc9d3d8c31b0ff327,2531,5211
0xf9c10dc0acac201388c96374e3386f568962d0e8,2533,3312
0xe1ace55a18ec391de5ca1d3ec4c42dbf5f97f949,2534,3132
0xecb0b7f67d927a3e5c9ec508a1747e2d66342acb,2541,4640
0x7fcab33b3297897e14116dd6e9cd7ff0c242d5e9,2544,401
0xf0bb13051be712970c9bb50233bfac25a654afd6,2547,3507
0xf43e5f09e8c20f8ccbddab2c28b53c866503715d,2551,3367
0xf0f0682600eea116a1a15ab0e9c0311b7dbaf41a,2555,3650
0xc6aac8e9ef00d852bc5c05b6ccfd192938eeef6a,2556,3545
0x37ad75d01f35a9d5ed18a2642a97f1eba689a3fd,2557,1075
0xddd3964d75d59b6b6d5c31eb313bba5ebf076364,2566,2959
0xaafcffc44f6f62dd8ca9bf94b3fbe7fc847accd5,2567,2462
0x20ca0d6fe51d06946f5cc90f9f4f297d398dd6db,2568,4252
0x3768225622d53ffcc1e00eac53a2a870ecd825c8,2575,4009
0x1e341aa44c293d95d13d778492d417d1be4e63d5,2581,3868
0x6c768f8a7ccde0b622ca2d5af092e038ae2ed769,2587,3930
0xe71f03aa09c0ca99f222b018ec0e9e77478f2294,2589,2730
0xd7e0048051032972f0df0afaadd7db76622f87da,2596,2781
0x898ec03947ef6b18d0064665fcd83cbef7b92f96,2602,3625
0xe96c3e1d842beccb10bf57c453b84bf75725241d,2604,2644
0x40dcb6db7bf5352cfe9219033ffdc67b5e3e0488,2607,163
0xcc81b4631c4b321421267c1d4b43e7b2d7c52a23,2609,849
0x57f97a73752431c41cf36e86fb2b49b4e41a797d,2617,4430
0x891f0e015ba7d57c56380ad8b5faca58f1c73072,2619,3483
0xab47c81540ba4fe61ee916a0cabc8a16b41dfedd,2624,1648
0x706c8003ecae2b8ffb19887653de4a8b537756a6,2626,4373
0x1c165c80d671ff7f6232b40d313b25da0cb8e697,2630,4233
0x379b31a42f75ca08e38fc87696fac58530321fdd,2633,3780
0x47d228fb786bb14117625147f1055638f46b6893,2634,2782
0x0d8853b7ffbef323489cf8c2749881374fd246b6,2635,3182
0x93323af22f26612b9f9647beb43ddfbcb61b9216,2636,3412
0x0b4af98e389e66ccc409d5e110858fbaa74e75d9,2638,2566
0xa26c7c3b5044954830e7a0e982ae6bb7e03f2166,2639,5382
0x27dbbb90d97107f3ee17dd1e36295cce5aaf7cb5,2642,1447
0x954149c9febade512b1b6c5645bc7aad04053a58,2650,3110
0x7d06498c9337425e00b5edf59a392a3217b5a943,2654,5262
0xf12c21d3edb2c0e68935a3bbe5d68ae4bf9dcd7c,2655,3272
0x1e65489eea531f412cee8a9bb9846d9113d47956,2658,2939
0x5ba9355a10611ed4339526472a59befed3549bad,2660,4477
0x90a93e28d504d069c55ac682a2c92e626fd2af1a,2661,4545
0xd6f64c02c14ac390bf5f772de6cd590f9412bd1c,2669,4647
0x6646b61c433b96bd895357ff41adef4b04786a83,2671,4294
0x9891d54df3611e994217f741df8e120695a48a21,2672,5248
0x4171c8babe36c0cdc85a38a58fe6d8bfe76c778a,2673,5223
0xd2cb198c50f077ea7ca968174499274cb64420ff,2679,3146
0x6cac5eeb01d56e889afac1f8d7f6666b344225e3,2680,5067
0x92fab452e2f14c7730f79031906e06326c916946,2685,3551
0x0a2d8379ec0d01f3e4ff7ecc06292e1497113c43,2686,3561
0x18ccfa5744f679c5e37c7dca74ee3b34dbf78ae6,2688,3843
0x1281a133b59788b9e3eb4f7603babe538fb60584,2689,1526
0x737c072db5e83fc900475dbbdb888436f8e50d8d,2692,5070
0x890869fdfabf981240c5b551b9597233abd67c37,2694,3632
0x313206afcc9d645f5fdc35b6d60f1acd019de21a,2697,680
0x0000000000000000000000000000000000000000,2698,2889
0x93912d4d621b6bacd58dd12bab377b5416a11828,2699,4068
0xed77c93afc4f747db9262cf167874742ef621c25,2700,3413
0xf0562738fea0d34cafdfeec2431e03f68252a1f1,2701,3140
0x52af787439a82f36d6ef6b0da0f0e5ecce29ff90,2702,2819
0x6ec85b83d60b0ad3c2c2782c1cd554671980d734,2713,4902
0xb17bfa989e00c7b0d17e52d3e90db440d2d7ee5f,2716,3847
0xc3fceda4343bd6eaaf7a7dd34e05fceb89422e31,2717,4880
0xe525a8ec70869d9bd084344e318c99ad43e62f8e,2719,4980
0x367948fce42d3e8f4719ff23caf7b9c8b2eeaf84,2722,2728
0x8c5fc43ad00cc53e11f61bece329ddc5e3ea0929,2723,2668
0xb9a3520eb5b9369e408ab33e581a4bd4950e4f35,2724,2957
0x1261968987c5cfa710cdcddddfbeab264cbd4e47,2730,3168
0xc8c4ab6e1e7dcc4e2957244baba86ed937dc0ee8,2732,2667
0x0066bdea8a27ef3e961149160d2b867449528660,2742,5124
0x664fe01207dc37c84a97a8dcdc28bcc1da6bee57,2743,5050
0xb01b31f8ebdf2ba6371b9d8cdca8b9cbe06face7,2752,3974
0x9de0d4ed60950597fa3610fe2d0c731709f30bf1,2753,4614
0xdef66fa4d9270b3898a07b60d57bf4ef2fed3db5,2756,4544
0x091a3c153e2535de90783f880e93a1882ea337f5,2759,4725
0x36efb5b7990d6211e72a3d6518c9b5177394d9ea,2763,4981
0x6b40176cdf732dbb35c1d0575c9b829817410984,2764,3726
0x61603b1cbed9879045e02ffcf17f8a0148d76f4c,2766,3549
0xcf0949bf6d2adf8032260fd08039c879cf71c128,2772,4919
0xb0c83983c0b916800fa7ec53d950c97bd428c876,2774,2614
0x429ce9d5288accabf37c11b8f60be0e0e33fe26b,2775,4186
0x187dad1e0dd5e599091c2ec88e89afb4cde4b7a3,2776,2612
0x2da45f85a969cf49103ad4283c821705ca2e7759,2779,3952
0xb5cde1c5b905892cf0873cc43fddb56c1738888f,2783,2892
0x2ae82657ec1ec17b25f564cc500dac2a55c5c623,2789,3965
0x9ddae9b61b790e16d4fe92a6ede1339da0f9e7bd,2791,4804
0xcf0c50b7ea8af37d57380a0ac199d55b0782c718,2793,3574
0x813074b9a3c964c51ac66b841c2577a3ce1062f6,2801,2966
0xab3627317c43d394eb171170f818153b976d28a3,2802,4816
0x4c1bd9c7ff3906ba3c106c61f47c0d9ad55c1bb7,2803,3921
0x47a5585f1664338a792d84fc4c972cd18641c3f0,2805,4650
0x7c259c9162056e109ea5ffdb1a1b6fefdcd4b907,2808,4824
0xb8ea2d329e11b37074b0985ef338343a1db66d8d,2818,4558
0xeea6fd68d24e9069bd75ae9711b689e699017800,2819,3694
0xdd60065caf7f88903bbe621e8d7b35a7b990155f,2825,2443
0xe1e3ef6f4a33b730dd88f21e1ac360575d134243,2831,3874
0xafacef938de0c54718d44f768a98ff75a429b05d,2832,5112
0x9f1ff6e4c6d040fffc3b87a80fedbfafc821d795,2833,4086
0x14287e62b859a3a5e19b3c2d59ed1f12ac94ba4c,2834,5206
0xe53ab42ef1cc3da793de5fe281f564b1946357b6,2836,4851
0xfffba8d8dd8733e3e1dfa406a642db013a72046c,2840,2974
0xa254648a6899aaa61720549b00416268ec365f10,2851,5234
0x6350601d821de77f7f998c30e0b855e9e422e199,2857,2210
0x403d8b47b88c9a6d99f39b158331044007fee955,2863,50
0x1454e229cb89a53bfe25064509d819114ffbe80b,2866,3917
0xe10b91ff5b30ed7df1f727ce7e7987682811f199,2867,4178
0xdf5e7a6dcd10b1e3ead7c2576410f9160cc691ad,2870,5369
0x7b511800a8d8e7de24dd19de3103081824b6f41d,2871,3979
0x8c3f118b75aff60a8ff160e13a191255ae520bb8,2875,5173
0x8a2c9f1ecdab5d32811f7daf495e89b4058fb233,2878,2609
0x7346aaafdd071e3b30e6b0cb558354042902935f,2880,4055
0x3b9ad02e5c3c166916daa5d970627891de48c064,2882,4635
0x692605ee92db0ab2d72b05902d63d3b79abba514,2883,3882
0xdba9648ff976995bd31d9ee9a76d2a95813d6b6b,2896,4460
0x44932aa20694e0fc3d4b9178c0c5ac3360c0a7f0,2900,4220
0x21325fb7eb36a3d38cba2ca617777fe00f62e16e,2901,4776
0x32ccaf20c89e76cb3f0e35276532fc4e9976fd10,2906,3577
0x98a70481d671cbc5f90c63f4da9523a96dc659ff,2907,3663
0x2dcf79de1e29ed021a6486ccc9e28298e4a55380,2909,2884
0x8b87bee1909bad00373d4add18e8396afd83209c,2913,752
0x983961f34fc4cfc5eafec371cdba9d56ff8c1935,2918,4144
0x442dccee68425828c106a3662014b4f131e3bd9b,2919,2405
0x474543b99438a978b39d39d8983723eb5ff9196b,2924,4126
0xb00ff4e0956d854ff43eb48d3167a6571bf6c2d7,2928,958
0xf6d22b698d04634f218fc03788784fa55765c7b4,2929,3472
0x1d6f2f0356b3defadf14b1a0f8a3dcda89367d68,2937,3074
0x6caee2ed280220f2242565bcda6d479aac2fd5fc,2939,4219
0x74e6d38b01c60f859a455e6b2f808b934453f017,2940,4156
0x1e36a5979c613f52f8cb956638b07602c7e7e1f7,2941,4033
0x7405fe24003a50e4f4117d35e9b5a9f5e512fede,2944,3213
0x6dcde3f7c54d62d4a27726461519f6d65d3ac8ba,2955,3880
0x08e7ae9e667aef557c1e1702212e66927dec617b,2957,3890
0x1203df9a2aaf21401def5bb1092ea4982976766d,2958,3487
0xafcb3c73f172004285beeee73e9204983620227b,2960,2735
0x310f4006ba44c0b30bac159236b1d986493935bd,2964,358
0x3b661594817a8b4f265d402185a221d6c4fa057f,2966,3719
0xf9141de84e4abde9f48644a6a8a9d7277bdfa29c,2967,3881
0x3c463ef2b6da1094f32deca34ec4a46ece716bf1,2972,4077
0x40bba8b1c1140defc330c79e4bcbd2cc40e7a380,2979,3595
0x0b02534634092077fbf73431867db83a7b008084,2980,2796
0x053d4a34f3ef578a17ebd363f72eeb25c5ff3088,2986,191
0x098d599cdb474031f00b1b65233ccdab3e5de031,2987,4377
0x9482a42bf92f7fca8aaf53da2f38555c6ce7265b,2988,4356
0xdd99b2b206d54e7a7dc46ffc8bcd40c477794acd,2993,3441
0x1d9dd228fd039de2de7fe2bc684a6cceb34dba53,2994,2762
0x9ebbedcd7b2807df84bd11f541a50b98e4b208ff,2999,5246
0x1cb617af52dca15fc73887fdf05f6b79baa23f9c,3001,2767
0x7c2e70bca889b7aa2cbc57bfcd9b404c28ae8d4e,3005,4998
0xd914a19f0e1420ace988b01863cf68a85c4ae554,3007,189
0x2a0e91ccdf8b18b74f65fae3bde470344aa90412,3012,3039
0x77350e1152efd5f2d807a6124015c629a907155e,3014,3501
0xee9b429ed04bfb790306a1f96c7fe6281d8b38d5,3016,3709
0xd311e934d9a1d9f71004976cd0268fd25f9cb77f,3017,3327
0xc0be0b4afad38306ee02d685deba124f36f84313,3018,5252
0xd63e554335d41ab7a78aa9e79231fdb980ff149a,3019,3020
0x9af481276b075e036bc23e887a8bd275e69ef74c,3020,3520
0x26004c978f6374170cca43e626c7f5fa2c62b870,3026,3546
0xc68bba423525576c7684e7ea25e7d5f079b1361e,3030,3728
0x97b00eebfc135baf9fbcf1daeeddab2fde75d5ce,3031,385
0x27c79a01878962ce0b6126af6e184c06d36c8f37,3032,3321
0x6f3e3cacff69aab557b810fe5844570c23426df9,3039,3083
0x382a9534f99fc591aca96c760fcefc243dccacd7,3042,4321
0xa0fec1a6b8453873041c7529906de5c1acc1b26a,3045,186
0xcc06ce8120afc5c02c8517597eadeacc810b130a,3046,352
0xc3974972578dc624c36046a5271a41df480adc00,3047,160
0x625a1fee9986390383bf48fb450fab6c1f37710a,3051,3016
0xfa1c022f5aa019077a480a710927ab56d6eee640,3052,3458
0x28761085ebe8854ec0f73bb06394b56a80f4340b,3054,4141
0x8c306cee1318171e469bdd4b6acff27fc74621d4,3055,27
0x708800fbf7a7e8e65b1d8bbf651c5c32019e7325,3057,85
0x959112b5a6261447080a8bfa78e9505576b9f85e,3066,4732
0x82b1f29c5608238df2618f996827933c0d844079,3070,3320
0x3e00ffa2fa519b0cb592f9fa2382711b3e36fb8f,3075,2589
0xfe955fd76d50106e517bf755f4c6f4b36af3a106,3090,5406
0x3f5f893e1acb5619ca445c2e71bb4144ef708cb3,3095,4357
0x02206509a713e003bd099fd12a2edfef9af84665,3097,3530
0xb1af13b2e4be55ca69829a23c09a1f5663adf8d0,3106,3307
0xfaa57563f0cc39a342c81aef2edd08f2ef902093,3109,5241
0x97cbe264b83e2169b51bd89039c0c2fb98dadc2b,3115,3275
0xd75793fecb9a28695ce9aa22d14b8afd8a780d47,3118,4305
0x9b3c4d0c2530531d5c780af3d1a8e478256157ff,3124,3323
0x9fe6a2c38c257161f0e4b0c69e231e02b7ff5166,3129,4172
0x8fe8d08c316917f89679602d6f7b304912da926d,3138,344
0x14456fe724567ee5b064b58ff949da2a78bb8e67,3150,4038
0xa6518181b2db530dd1acfdfb389f19b18626c5c6,3151,3939
0x46a4ab91f1f045966125d9c86cd2f0a180354f6a,3155,4278
0xe9659ca29dec45c493fabd388dd12be3084b4c06,3162,5203
0x7d438bf6567673867480b7923669bf349e6c8c12,3166,681
0x84f1ae44a6ec271c1ef14465290e1f9ff394e78e,3167,305
0x77d5c09871d7e7b91b45acdaa677b99b9d042036,3172,357
0x2b66aff7b01000df6d988ed9c920fd8db97345cc,3181,2719
0xc2fea212cb7635602b4b7993afeaecc97a873d5e,3189,3383
0x453dbece037e908e3f1ac6b7b638f51124054f6d,3191,3096
0x5da7351a4cb03c33e11f51841bc614d985812821,3201,2934
0xae02ac5e69ebb122d43fd97f01895ca228aae4f0,3204,164
0x8c68e1542083914dc5098fdfcefcb3a1cfa476f1,3210,233
0xac165e78b4461ec8761fa9ff81fe98b6615e261e,3217,227
0x983a185bb3fc31801dd9f508e9778bc1b40212c3,3223,3676
0x5dee24b625b83dd147c4ad80fa438bffbafa786b,3233,4293
0xd55751a79fcead11b7fab7959b01748450e57f5e,3234,2665
0x18ad111b2584b55093b5b4cbce9374c3a0e8cfed,3238,2907
0x00dc3c460315191ef3f29f9d275e0cbaa3c45df9,3240,65
0xdf5beebf9b3b1817a4f3ea68809438b510120cf7,3242,2946
0x1204e98218f81eaa52578d340cba8ad2dc975c65,3244,393
0x723c1cbb8bc22c011b7bb5aa962fe4bc56944b09,3257,4590
0x9b7061023cd42263448d48c48572507f19f39b78,3264,5001
0x96c4c9cd98eb02ba00f2731e4ffb965fa2a41923,3267,4029
0x78393f3769b87df1799534aa1258a0f591490dba,3268,2218
0x030abba330ba0a3ec98f7af547f5f481bcbd3193,3270,2786
0x9ea30d77c8f25263b99b32bbd336ce18416da5a1,3272,3176
0x82aa7f697b9bc19f286d286d130405c0850a2e7b,3273,4777
0x8a333a18b924554d6e83ef9e9944de6260f61d3b,3279,4276
0xbd9cf606a81da379d1ad3874363746f73295915a,3282,3897
0xbe3c200d4baadb074a3db06c85398829ed379172,3287,153
0x9023ef16968ffea318838a223ef2a79bd9f99f88,3290,108
0xdec8e4316051565c03b3444b85641ae7921e37a6,3292,152
0x0c655d8b5e3e70248366a8f22cb7f28ad5ee3070,3304,4369
0xe822067979d8481143b6c252cc22154ea424731f,3306,4993
0xdbc4c2f239cdb227da0e37b60a1509743b9f5785,3311,4266
0xb51bdc58b82e61cdf57b86e7144d26e978088fc7,3318,5080
0x6acce9ce966ebd8dc3a3d1aa4eff82012036543e,3322,10
0xe98627baeaa58efc8f3094211b3741da2e17007c,3325,4370
0x6986f4fd0290bd948411c15ecc3b0745d83c62f4,3328,110
0x3f86f18322a888d9b3adef38f127c941bccc014d,3339,3998
0xddac38ae13fc79f18fdc008c1cc3fc78acae971c,3348,2712
0x499c9c826a356f72926a258afa63bcdb4df33702,3353,649
0x5c8f9b64de05ac97a0e230bd7731b1a713cd08eb,3355,842
0x0017cb941a7459de4877336b0b4b071a9ece4e39,3359,4822
0x629b1e6f7f4196318ff3191b01cb7458146bbde6,3367,5085
0x587a533ae239db6d5efad5b9906a4a4b2803951b,3376,5318
0x317658a9355578449945ce19c2a422bd201d6e79,3377,3893
0xefff07f67813e02cd0913ba22779b2b2e80db5e4,3380,283
0xeeb60590e0d44a30e0b4caf6c51309be8a9856c4,3382,223
0x4b344c0277f78a52b126612b128d58a4c3736050,3383,388
0x74ec638d8e82ab4e7aacac77ef47a49e735ca7dd,3386,3087
0x0239769a1adf4def9f07da824b80b9c4fcb59593,3391,2344
0xfc5ecad91cf5d6abbb5a8e9780dddcd1bf36e57c,3392,2654
0xf2bb16811dae82c3968ba205f517f87aeb2d0882,3394,4267
0xc7a024df387621e7065a549fd643367b85c8d2aa,3397,446
0x096e58cf2a31de28f7f306f4dcee6e6c1f4f3652,3399,4169
0x35be2ba3c5ee64422d2f64ae3e89457818d67275,3401,4115
0x8ede2d468ac45e5c8f41f3424456199d26e3e2ab,3402,4211
0x87dfef3b445667292aac89078b51f0f75795805f,3405,5313
0xdf61d4a158a0f6563d3621c71080c95288e3ed01,3407,4208
0xd1f33cff36494975fb724ba05627107cabf8b7e4,3408,4611
0x0c9763fb0313537dcc64812a20541ac733391028,3409,5192
0x4f0a954de3430c5486d601813bdb5efcf598bfdd,3411,4080
0x9f7064dfe6ca5856b3afd7a3b3974686a35bdab5,3413,3280
0xd052efe2d4cc7f727aed8a504d4ef41e449ce9e8,3415,4288
0x270864586801f4bdf2022a9c85071ec9e7e08dd2,3436,3725
0x13a5755535f27a2db363fee1cadb39475dc42c49,3437,3826
0xe3ace06ffa96f25fd652d068cd133cbb6b1869eb,3438,3630
0xb91f32958c4c6a775f882439c5b8d3b4a36e9cdc,3440,3861
0xa0ab8eddf14a5174688e2eb1bdb69cdf377142c3,3444,4355
0x010215b77f65e3f8d1fee2194b80ae4c4fc73c95,3447,3951
0x722e74b104292b6e95040bdc0c8192a82b133199,3454,249
0x842923e15414c617289da2bd207765a34be490bc,3455,4352
0xcc1b7a424bccb55fcf0f613855f273cfa9b7f42c,3457,3120
0xe2e2466f657cf011eaaa4a8a2eeb2c9fe68797f6,3462,338
0xbf0bf02dc411c912d42497bd1a70e2d29a5a385a,3478,5233
0x6eac7d87a9f2ad5c8c03c79e71b9038468043780,3479,4404
0xcd79d2d47b8daa32be673fa3ab92f395124dfff6,3480,3600
0xd1b06286f759cd9e1c140c6311ff8f2816167e65,3486,3973
0xac30e77782be2901e8aaeab05c376236495bdf6b,3488,4914
0xa1a12b0328470a8c253160ab46a91a6dbb3b5523,3489,3750
0x1b1c3afc6e7c2283b1686ef6f20bf1f07db5a77f,3493,4817
0xf1540c49a9932600bd49e940f62e7daebfae1b45,3496,5276
0x759de6b9806a5f695b8fe92f58a6771fb5db52c6,3500,3468
0x2553ec3e10e01adbce77ae806cf08268632f2ca1,3502,79
0xbc1a38174a4a35a88e1e8b9559b4115d11a66fb0,3508,96
0x65bf398a0476c58291ca47bc11f3656644da1ec4,3511,5337
0x103b3a31c6732c8615161757c64d2c5ed7daad38,3513,4495
0xcb736cd114aea839a1fb3c1a84b1bdde1ed6a1ef,3516,2953
0xc5e38233cc0d7cff9340e6139367aba498ec9b18,3523,2808
0xa99ec9b2ce74d9eccfabdcecf00e18032f8e0553,3529,3309
0xd1706f945a85bcae3cf170bb30e848f277fba918,3535,22
0x264c798666d75c0d9a27d5bed19ab10a678c709f,3538,4070
0x749f93bceb1f2512481112d149c938e15fb56e1b,3542,3489
0x5ea265ced9de672913229f45646021cd0c96c47f,3547,4484
0x6cc76d20646af5e6944bc6bfe60d21ea3fee63a5,3557,3576
0xb987700d4152c27b9bbfbdd6041ebdd248c174c4,3562,4714
0x153c70e9361dbd1b3ccd861676924b30cb630112,3567,2749
0xd42aeae643cd863a3ccc1484d2b43dd289fac001,3568,202
0xd4bfd59d682e297bbc7f8e7bdc8f94544ab5842a,3573,231
0x36de990133d36d7e3df9a820aa3ede5a2320de71,3574,5155
0x7d21dac0342215cf5c4b46d0300bbf8c9c5978cd,3578,2992
0x9656ed8cf7bb8bf60e6758e83b843d0be33362d9,3579,4906
0xd2b2523eba6f19243c01f83d704f0cb3dae21787,3593,3037
0xef9c302572b481e1cfe6bf66936125784b59a516,3595,5188
0x717712d49f382e45d9df4afd691c531e072744cd,3599,4470
0xebaa45cc86d8d4b8ebcf92d6f7d0bac977fea576,3600,647
0xb29f6e604086c1242828d956c716e4a6c6b266f5,3603,4110
0xcada38b3d2e3d8714e783ae8c420b4024817e3e8,3604,3292
0x5e589c6301ec4341cd9287b3aa0c126ee1341651,3607,2873
0x97e9a5a026f49de07bd61554a4df91371e6a3c00,3609,4930
0x4278f1671818f3c6838f4de69caf75f24ee1422e,3620,5303
0xf2e4f505a22ba4a3aececba2589239afcadd7223,3624,4961
0xeb1fbb2d250d7a20ecd76a33c079d7c0b74f965e,3626,4829
0x6abdd9ffeae33ebbcbcfd7b3e6a3def4fc886aec,3634,5269
0xf26899b8c2472598a4a7d3702502f6de4f83dc1c,3636,5415
0xe27969a2f7ee8386c6e9a7188a425c41c2044c08,3639,4758
0x24177e12118996c452d57dce23c9637873ee8b7c,3641,4245
0x7da22634098383d742a8ea8fde05fde59334216b,3644,4197
0x32ab4262df2c10ccc199f5f8e7332ed507ef3ea5,3646,3415
0x8184f2e28e35af7c77fa0393c137be2186fc01fa,3648,3557
0x9372fe6d14d57988b7ec923815cc9243b313d532,3649,4436
0x78db9fa7214765014732cd9b32947a96473e7133,3650,2626
0xbd6491e758458bbcc3f289cd23c3b2b509e10534,3653,4343
0x65b435425e7928c594997f38681b542234be91d3,3666,250
0x52f659309b558e1ec10196767e065aaf156c3576,3672,4555
0x8e7b1bd6032c27417bc0e212091cc17d677a1f6b,3676,4001
0xabe2c1b397101aa0ff1da5c9e0127c373a423db7,3679,2714
0x5562483b86b0faa7bbc97f1ec14449d5cb976b9c,3681,4986
0x1f9ce9fe712c857128ee684f3c06ceb0c13a40fe,3684,315
0xfc828ef395ecd20b1a6d380c7e09637721a3504d,3687,5045
0x6e8223014125c980962e718f1b531f5bedef0ce7,3694,3635
0x923fc9ee70ccba05b6cbb2737961e1d775784576,3695,3527
0x11978d68806e292a7054a274dcbc6e2b8f078d61,3696,5370
0xf547db5bd3bf4cd3b9b1ffd630d6cc703f80f2e4,3698,2488
0x1313abfb7f89bbddfd9bcc150dcdafe60e227fc7,3702,220
0x03a9f9fd0addcf6c8917f974611a2dcf063c3eaa,3703,3899
0x12fa9a179f1db2a97052ccbfd7a4aaaa91fef780,3704,2700
0x93c193432b1f49a914928e4b009bea188360e651,3708,5255
0x5d528c1b980f379a11b054dbcf9c75e0667989f6,3714,3417
0x6d5b42bc6240d522839b9fa8a814fe9594a97e06,3716,4097
0x7a3127ee9f9193d4c2c000878ecb9b0009d68724,3718,1580
0x24902fc7a499784a48aa8737a3162bf1171b716f,3724,271
0x4f74a486087b968798df4d1edf084adff911b3cb,3727,4592
0x475c5347bf9a9b3204a5f62e92290dbad42e4ac0,3736,342
0x686ec32c61ae7d3ff16e26403ebea633274cdfb9,3749,3187
0xa628ebe4dfcb1d1adb0ea660f1c0f8d7568120f9,3755,5365
0xc5143358dcc5d0e524b9e3bc73e75310ace0e99d,3757,3639
0xfcd74222f30c36cd3e71dff66a4e85177520cf46,3758,325
0x27be01d2de8d31ce4ac3a001296c39759952017c,3760,35
0xfeef7a0f37ceb0e43822a49bc414bde9173b234a,3766,5066
0xf4a8f7f84ecc3e7139b7812bdc1bd738c1457b1f,3775,4008
0xf8db1ee1be12b28aa12477fc66b296dccfa66609,3776,171
0x43ef04e8f1d354cc7e63f6e8669ae7ce1239e751,3784,4014
0xda7a5831092bbb0757cbfb3de67ecf00d4435e73,3790,129
0x00a839de7922491683f547a67795204763ff8237,3793,422
0xf44e41ad05df10b646a9a756fd8f317248150001,3794,5113
0xe2d128323cf7560a6e7a82726d7b425aedc7a556,3797,4717
0x605da60745750705647dc028e91bb3608a28939f,3798,2661
0x4876fcdc18766905ab26727a56c066099ae72b12,3800,383
0xa91c1caab42822173b7290af1890b12fa7d13c11,3803,3154
0x250e494da4d0cf70ded42fbe7311e468d5b65b5f,3806,5156
0xc8de4ffbfeede643dfddeb8fbf48b97974492833,3808,4591
0x06f2f1ec01e467fb7a4490c777a29b602e8a9d41,3810,5348
0x35548b074977d00f70c1bd9115eb0f8eab04b916,3815,5179
0x8b104344f397afc33ee55c743a0fbd7d956201cd,3820,3911
0xf3248b08d63bf178a9b08a545c6ec42aa5d5673c,3825,4444
0x34a660c0515971c1c3831bf6fb567fbf4ce2ce16,3826,5384
0x88cc184b9d606c74650b6774d3f72a120ca09a59,3827,5273
0x68c4d5187597b81d084ab853e8b7c8ec7f019c53,3829,180
0xc78c5564333bfc50172904cdf484952e0576cfd9,3830,268
0xe5132b6ed9d917ff1afab1a08daa39efb9754776,3837,3928
0x79aa0a1008a148a9cd2e69ba9a05b3cf3abfe364,3839,4027
0x5df78e3f3561b03c56347355fb73a8ba63e61f0a,3841,87
0xb40f0e7b8ec9ef24bbb8679639205c45b2c8b8a9,3842,3267
0x5fdca3a447538b2ffc9fa53735d2dbd04e99f910,3843,2611
0xfd99b5306135f3f6e1b5d18e1257875bf540eadd,3848,4918
0x9528db1eb04d3ffa04fecbf68b8b20163bb24f56,3867,4025
0x58ba8a3acb8ae71319c93626c24c3a1f482f0dea,3869,3015
0x60f90cd17e0deccc58b55a98efc9e5ef4ca03a45,3872,4740
0x84a86cba12a169887bb1a8f15332d69a5c05f69f,3884,4535
0xc2f82a1f287b5b5aebff7c19e83e0a16cf3bd041,3899,2844
0xcc257fb58f79a66820ae06aaf8d4dad82bb18a64,3907,5260
0xb14cb7ed9bc22092c644872a121a771e9da31d96,3911,4932
0x8003d464f965eceb0a97780b680c177f8ca93009,3918,1991
0xbb238af789179732d09cdff31d7a05d0464b655b,3919,2881
0xe4569a42140eeb4ff9c31fea691fce2b6f974481,3932,4521
0x026379ecb39e94936ee5b452f0a3f0e53f7eec67,3944,1978
0xe254e240095b61dd71957ff7fea87b937d3f511a,3945,2817
0x19d69924b545feb6b50096addf540c5618663291,3952,290
0xe88cfe8535af121121a4b475eefd13dae4fbc4cc,3956,4605
0xdef769bcf57df5a2400ab5f9dd3aad5981079689,3963,4907
0x05ad759fbde97b0efddd5149ee9e14ace5bec871,3981,2722
0xb6103b35c1dfcfbc66aa6aa59e5dec376b79dd6a,3983,2936
0xebdd9e5bfcf25a6c8c7557d6139f09402e55049f,3985,4977
0xcfd90bb7f5cf601808cbfd18848e9218e054285d,3992,4726
0x002c551f29a7849561c3748763512c69e1c6254c,3997,3716
0x081794bf52f18f781b4c4c1427d928fdefbb5ba5,3998,3133
0x96223b4c458f1b2e5663078bc39ab584ac0f650d,4007,4463
0xcde5b5ee3326e7fac09c8095dfcfc47831230cc6,4008,4710
0x308e9c99ac194101c971ffcaca897ac943843de8,4011,4673
0x745ceb2f642a56dc16c608a8cc813b3eb3634819,4019,3200
0xc27f848f0986044fa0c63b32193a597aeb8f666b,4029,5003
0x091571506c77e9f9336bfcc3db38545d6ae738d5,4030,4467
0xaf930bdc92555394b574c7d171d8cb3d4dd503c9,4032,4920
0x5a03ab839ee9866c45b700ad8e1c2df63f0153bd,4056,2666
0xd2cdc96788aa86b193a667c9c932cb7a32f8d0a9,4062,5297
0x72b786ff9ef6d56a2b2dddcfff9bf78f353b145b,4069,3093
0x82590f7eb014fce619004fcfdac874b929b56c2a,4070,4770
0x811f84402efdb0b3850d5ecbb762d0e10c838a6d,4073,3042
0x65fae6f3b14a962e77cf99b3ecebe4a606b9baa9,4075,5181
0xa1acaddd259649d470b42c95738e5e89c8d8a233,4077,3525
0xd639dd03cfed1d0b57cfa0becc70c38101b2a773,4081,5058
0x335e19b3f5dcfa2e398ee7d5ff430a1f8ccc88b2,4083,2830
0x582c44e6f0f4cafd211801c71f0ae93a456a7ec8,4088,5059
0xa7f27204ee8b35e6989faaa9486182cb77510553,4099,4974
0x16c0db08caa75e99a0597fed22414e6903674470,4101,5077
0xb6209c3f82ca1218778f864f5f6d817cdb708d8d,4102,2855
0xc66279677de897291cacc6b2855f718eee834568,4116,5291
0xe55f3b605fa781aa1426c0712c7104f35b5639a0,4117,5373
0x366cae99d107c17081176b208c28fc75848754e3,4118,2878
0x52da601c635951a464da1e38503b7e9c04d7d530,4121,4903
0x282b7a79464834a9e7270d0d54fe096fa4d06832,4122,5299
0x79e088d5c4752d7a4a73b6a8d5ddd6d7efe6a873,4123,3357
0x74f90dbb59e9b8c4dfa0601cd303cb11e9fa4a78,4125,390
0xe30b828db91a23022da6425732b9584643da47b3,4126,4296
0xa80bdfb3e3d87f771d677d85c46bcbe3db9e4d90,4131,4202
0xa980d2ac392d6e5d20e561ffccc433bca0cb5e06,4132,2848
0x110f5169eaa698d2e309b60134468e2ec4e4f84b,4134,4550
0x566f193d80c76a324cf5e521d62657f4c4d4ccc5,4145,5115
0x0da66057c36764b71a3e41d4f8611365cb51068c,4147,3796
0x37581d09ffb52b448b66bc962519f85448012f18,4149,5367
0x451e9948f930c33bcda8d97f99fc1df4737921db,4151,4539
0x9021d47bf33fdadad94f06b3e1de8cdb8e63845c,4156,5288
0x800f2543430734f375bdb5624e7ee5c6699c6dad,4157,269
0x0f63f0e814387cb267a59fb80a24ad3351a035dd,4163,4402
0x248e708466b2166e2d6ebe3349a08ca65ca5a28b,4170,4551
0x708b678442d844c0415fef221ff067455be6104c,4188,5322
0x1e1f00c4e4a9e7947439547e94fd59bc1c393774,4189,34
0x72da9e5422ec3121ded281c5b8c9f9f17c65fb7d,4193,355
0x7013563b28a0bffb490ba0d9c8b9effdcee90451,4194,4734
0xe703f231ab056ecb99c92a1232cc1020acfc72f8,4197,2774
0x6f5a29709f1362c13f111aa7a7fd18d5fe443e24,4201,2857
0x187d6e8741af35c45198ebec83905eb23e742b15,4204,5187
0x4a33a29ade766580efb33bf8c35b7dd492c47e37,4226,3050
0xc7149e861a03454ccb66b552797a05c8d98994ba,4229,4908
0xf97664376416e9379f2354db444bfe3f00b6936b,4234,4358
0xb53f052f717a340147f71fdd9659c2c008b35a52,4235,3823
0x848f11e9c468be9ef6bf5f1daa742e6adf25d7a7,4241,4117
0x9e9b579463ee3244438b4f8340b4199743bd2cef,4252,2879
0x43c68a280f464383571af7adc39fb148589eae86,4256,4364
0x118cf2770ddf9bd3849dae3175b03e54d278350b,4258,5281
0xb0a5342915366a976f882218e34fd51f5310ce5c,4259,386
0x34bea2c51c4b9bd76b375b4ace374add62b07308,4265,4107
0x3c08f2829b98e45d8e2c9d9b07704e62b6baccb7,4267,5026
0xb6d820e80a2a7c49f94c9d6c8ea08dccedc9ce4c,4268,2804
0x7768fd7a0cd2eec2e0597b2099c85e13215be565,4269,4158
0x3a25fdcb10117f981d638bb98ff0da95e20a44cc,4270,382
0x4ffa14d04b49d6efa278355b77c4889c4d1ff706,4271,5282
0x8b91c0dd24c4fd4f973e49ed8568921e31cf38b7,4273,260
0xa1167d07f15ad8a85668af8aedefa08762bbaaeb,4274,3645
0x5d47d2fcddc41686cd347225a7b9e8e4cafe3f7b,4280,4226
0xb30db235c948987487f9b2e67d65530c71fcdfdd,4281,3964
0x1dd507ef17bacb7ebc7e1067c46318ed859e96b7,4284,5320
0xcfb586d08633fc36953be8083b63a7d96d50265b,4286,812
0xe758683ca38eb92191b1d5218c91c23d736d30b9,4296,4243
0x668ed0f8a2f11b4d79c16a83a560d42e04dabf0c,4299,3251
0x4a13d9b351adf9cee395cf7bb7c92849e0d811a0,4300,5243
0x663a8d3a6db23efd7ab398e42ff2facd9601ca5e,4303,4525
0xdadd86f6f639f21ea9b282cc9246c5b8484315de,4309,5251
0xa88e421ff1ccd1c973b7b78a376a0994fadd1dac,4318,4274
0x5acce70cae148b520ff36dcf177ee78ba54ebc04,4323,3058
0xbbd2e65afd28e73cab552ad55b972a016f98dfa4,4337,5283
0x640f90e2f90bc000373ded7c9aebf86b337cb7cf,4341,3388
0xd6ad93f8e17cad5e0f24a0133c7aa5e14783bcb6,4355,3538
0x5f4c72567e8fc2dad577532e4f1339edbd161dc7,4356,4253
0x7c786160fb41d7e644c188ec702c203fc3f2e79e,4360,3971
0xe468e5891c60c66e593d6e843e2ae7a11655a557,4361,5249
0x9359fdb15c0e0803e15be61f6f280afe100b0f86,4368,2595
0x6ead4505f231f129726e6b2d6575b49b9e198e35,4377,3137
0x55d4d7f40a3a527768d7b19f4eaedf73687f89cc,4381,4992
0x4d7351be08b58c20d85c2945d92634c1f1f08121,4382,4047
0x5c7df49fde9b2028198508225cc54051c51ed861,4389,4779
0xd55ae0e76722c15de3c47e682121e6bf79116a4d,4390,3749
0x676c4c199daa307e591804e22087837c68d5f7a0,4393,4949
0x919c0e02cab272b50d0cfa2c70a653ce96f589a6,4399,3773
0xa7d68854ad6177dcd2195ffe5530f390bbc08bfa,4401,2900
0x62d5cb169405e88d899ee84328d4cd86fbf7c07b,4408,248
0x519746077fa7c96b7f255a12095d91072bdab56a,4413,4898
0x70ad7052f3c99d9441aa6f78f4ef58c2866f7dbb,4415,310
0x7895e668bd43c9623af538f274c06cb22cbc74f2,4417,3425
0x247ebb6875435a3847fdcde571fcfc9bfbf3ea71,4418,4857
0xdc0a71ee266fba64a8f5a991ebf3fb3991b339bb,4422,2921
0x4b4aecb49913a1193dcdef171df0b9beef52ecd3,4441,371
0xd374d03685003c7350a2baad1cc927d958b18b76,4445,3266
0xc4892465a647c9a9527a8af5587631b618fe717b,4446,4161
0xb3af48d951f16425d2fa5a8147ae255ed426f54d,4447,4579
0xd5f48756ca54739cb229a739d3c753365ea17cbf,4462,398
0x12f510a43b9ad478770f415dece097754b1d8ee3,4463,3547
0x652992b9ba32d345b60d20bd934abec3ecaa064e,4465,4735
0xc00faaed03a511723e9a1c1b5d5a1f6b6e30f3cb,4466,3781
0xe8c6aaa1782311283c62d9890a3bef092c8411ac,4474,3174
0xa6ed428bec03544a969d7547d8488913529c7634,4478,5146
0x0f5354a17cdeb92c9168723fca090a1265e43b12,4480,3333
0x844b9e33ffc8cae3081c9ec94117e60a35ac9185,4483,518
0xb6cbc8852e6f9f2c24ec53992628ccf9a351f438,4486,161
0x59717854b031ded1febf195df2910762a69bb61e,4488,3078
